id_venta,id_producto,nombre_producto_detalle,cantidad,precio_unitario_detalle,importe,nombre_producto_producto,categoria_Alimentos,categoria_Limpieza,precio_unitario_producto,fecha,id_cliente,nombre_cliente_venta,email_venta,medio_pago_tarjeta,medio_pago_qr,medio_pago_transferencia,medio_pago_efectivo,nombre_cliente_cliente,email_cliente,ciudad_0,ciudad_1,ciudad_2,fecha_alta
1,90,Toallas Húmedas x50,0.0,0.5583864118895966,-0.9285567001274592,Toallas Húmedas x50,0,1,0.5583864118895966,2024-06-19,62,Guadalupe Romero,guadalupe.romero@mail.com,1,0,0,0,Guadalupe Romero,guadalupe.romero@mail.com,0,0,1,2023-03-03
2,82,Aceitunas Negras 200g,1.0,0.4505307855626327,0.8283599031189322,Aceitunas Negras 200g,0,1,0.4505307855626327,2024-03-17,49,Olivia Gomez,olivia.gomez@mail.com,0,1,0,0,Olivia Gomez,olivia.gomez@mail.com,0,1,0,2023-02-18
2,39,Helado Vainilla 1L,1.0,0.0418259023354564,-1.036474934358628,Helado Vainilla 1L,1,0,0.0418259023354564,2024-03-17,49,Olivia Gomez,olivia.gomez@mail.com,0,1,0,0,Olivia Gomez,olivia.gomez@mail.com,0,1,0,2023-02-18
2,70,Fernet 750ml,0.25,0.8044585987261147,0.0828134662759553,Fernet 750ml,0,1,0.8044585987261147,2024-03-17,49,Olivia Gomez,olivia.gomez@mail.com,0,1,0,0,Olivia Gomez,olivia.gomez@mail.com,0,1,0,2023-02-18
2,22,Medialunas de Manteca,0.0,0.3815286624203822,-1.0899496787891534,Medialunas de Manteca,0,1,0.3815286624203822,2024-03-17,49,Olivia Gomez,olivia.gomez@mail.com,0,1,0,0,Olivia Gomez,olivia.gomez@mail.com,0,1,0,2023-02-18
2,79,Hamburguesas Congeladas x4,0.75,0.4560509554140127,0.3846745236047905,Hamburguesas Congeladas x4,1,0,0.4560509554140127,2024-03-17,49,Olivia Gomez,olivia.gomez@mail.com,0,1,0,0,Olivia Gomez,olivia.gomez@mail.com,0,1,0,2023-02-18
3,9,Yerba Mate Suave 1kg,0.25,0.7656050955414013,0.0119013051833021,Yerba Mate Suave 1kg,1,0,0.7656050955414013,2024-01-13,20,Tomas Acosta,tomas.acosta@mail.com,1,0,0,0,Tomas Acosta,tomas.acosta@mail.com,0,1,0,2023-01-20
3,2,Pepsi 1.5L,0.25,0.9980891719745224,0.4362117772950795,Pepsi 1.5L,0,1,0.9980891719745224,2024-01-13,20,Tomas Acosta,tomas.acosta@mail.com,1,0,0,0,Tomas Acosta,tomas.acosta@mail.com,0,1,0,2023-01-20
3,85,Jugo en Polvo Naranja,0.0,0.3363057324840764,-1.1312182315561892,Jugo en Polvo Naranja,1,0,0.3363057324840764,2024-01-13,20,Tomas Acosta,tomas.acosta@mail.com,1,0,0,0,Tomas Acosta,tomas.acosta@mail.com,0,1,0,2023-01-20
4,4,Fanta Naranja 1.5L,0.25,0.3738853503184713,-0.703032777963939,Fanta Naranja 1.5L,0,1,0.3738853503184713,2024-02-27,36,Martina Molina,martina.molina@mail.com,0,0,1,0,Martina Molina,martina.molina@mail.com,1,1,0,2023-02-05
4,23,Bizcochos Salados,1.0,0.4475583864118896,0.8147974679372771,Bizcochos Salados,1,0,0.4475583864118896,2024-02-27,36,Martina Molina,martina.molina@mail.com,0,0,1,0,Martina Molina,martina.molina@mail.com,1,1,0,2023-02-05
5,86,Jugo en Polvo Limón,0.75,0.810615711252654,1.6789183380827235,Jugo en Polvo Limón,0,1,0.810615711252654,2024-06-11,56,Bruno Diaz,bruno.diaz@mail.com,1,0,0,0,Bruno Diaz,bruno.diaz@mail.com,0,1,0,2023-02-25
6,25,Galletitas Vainilla,0.25,0.7946921443736731,0.0649885514657802,Galletitas Vainilla,1,0,0.7946921443736731,2024-05-05,91,Uma Sanchez,uma.sanchez@mail.com,0,0,1,0,Uma Sanchez,uma.sanchez@mail.com,1,1,0,2023-04-01
6,31,Mix de Frutos Secos 200g,0.5,0.6660297239915075,0.4906552670957231,Mix de Frutos Secos 200g,1,0,0.6660297239915075,2024-05-05,91,Uma Sanchez,uma.sanchez@mail.com,0,0,1,0,Uma Sanchez,uma.sanchez@mail.com,1,1,0,2023-04-01
6,83,Queso Untable 190g,0.0,0.3307855626326964,-1.136255707480804,Queso Untable 190g,1,0,0.3307855626326964,2024-05-05,91,Uma Sanchez,uma.sanchez@mail.com,0,0,1,0,Uma Sanchez,uma.sanchez@mail.com,1,1,0,2023-04-01
6,59,Chicle Menta,0.75,0.7091295116772824,1.3084701085495185,Chicle Menta,1,0,0.7091295116772824,2024-05-05,91,Uma Sanchez,uma.sanchez@mail.com,0,0,1,0,Uma Sanchez,uma.sanchez@mail.com,1,1,0,2023-04-01
7,63,Granola 250g,0.5,0.8630573248407644,1.030052689177544,Granola 250g,1,0,0.8630573248407644,2024-05-06,92,Mariana Rodriguez,mariana.rodriguez@mail.com,0,0,0,1,Mariana Rodriguez,mariana.rodriguez@mail.com,1,0,1,2023-04-02
8,53,Lavandina 1L,1.0,0.2955414012738854,0.1211757829326366,Lavandina 1L,1,0,0.2955414012738854,2024-01-06,66,Tomas Herrera,tomas.herrera@mail.com,0,0,1,0,Tomas Herrera,tomas.herrera@mail.com,1,0,0,2023-03-07
8,18,Queso Rallado 150g,0.75,0.6734607218683653,1.1782707308056306,Queso Rallado 150g,0,1,0.6734607218683653,2024-01-06,66,Tomas Herrera,tomas.herrera@mail.com,0,0,1,0,Tomas Herrera,tomas.herrera@mail.com,1,0,0,2023-03-07
8,68,Vino Blanco 750ml,1.0,0.5121019108280255,1.109296060453214,Vino Blanco 750ml,0,1,0.5121019108280255,2024-01-06,66,Tomas Herrera,tomas.herrera@mail.com,0,0,1,0,Tomas Herrera,tomas.herrera@mail.com,1,0,0,2023-03-07
9,65,Cerveza Rubia 1L,0.75,0.456687898089172,0.3869995124930743,Cerveza Rubia 1L,1,0,0.456687898089172,2024-01-20,86,Diego Torres,diego.torres@mail.com,0,0,0,1,Diego Torres,diego.torres@mail.com,0,1,1,2023-03-27
10,36,Dulce de Leche 400g,0.25,0.4855626326963906,-0.499208752091067,Dulce de Leche 400g,0,1,0.4855626326963906,2024-05-28,52,Diego Diaz,diego.diaz@mail.com,0,1,0,0,Diego Diaz,diego.diaz@mail.com,0,1,0,2023-02-21
10,100,Trapo de Piso,0.75,0.972823779193206,2.271015508298975,Trapo de Piso,0,1,0.972823779193206,2024-05-28,52,Diego Diaz,diego.diaz@mail.com,0,1,0,0,Diego Diaz,diego.diaz@mail.com,0,1,0,2023-02-21
10,37,Mermelada de Durazno 400g,0.5,0.6208067940552018,0.3668496087946154,Mermelada de Durazno 400g,1,0,0.6208067940552018,2024-05-28,52,Diego Diaz,diego.diaz@mail.com,0,1,0,0,Diego Diaz,diego.diaz@mail.com,0,1,0,2023-02-21
10,62,Stevia 100 sobres,0.0,0.759235668789809,-0.7452700761010932,Stevia 100 sobres,0,1,0.759235668789809,2024-05-28,52,Diego Diaz,diego.diaz@mail.com,0,1,0,0,Diego Diaz,diego.diaz@mail.com,0,1,0,2023-02-21
11,13,Té Verde 20 saquitos,0.0,0.4481953290870488,-1.0291124695457297,Té Verde 20 saquitos,1,0,0.4481953290870488,2024-04-10,20,Tomas Acosta,tomas.acosta@mail.com,0,1,0,0,Tomas Acosta,tomas.acosta@mail.com,0,1,0,2023-01-20
11,65,Cerveza Rubia 1L,0.25,0.456687898089172,-0.5519085002254979,Cerveza Rubia 1L,1,0,0.456687898089172,2024-04-10,20,Tomas Acosta,tomas.acosta@mail.com,0,1,0,0,Tomas Acosta,tomas.acosta@mail.com,0,1,0,2023-01-20
11,28,Papas Fritas Clásicas 100g,0.0,0.1409766454352441,-1.3094673796579404,Papas Fritas Clásicas 100g,0,1,0.1409766454352441,2024-04-10,20,Tomas Acosta,tomas.acosta@mail.com,0,1,0,0,Tomas Acosta,tomas.acosta@mail.com,0,1,0,2023-01-20
12,72,Ron 700ml,0.25,0.7651804670912952,0.0111263088872076,Ron 700ml,0,1,0.7651804670912952,2024-06-28,96,Rocio Gonzalez,rocio.gonzalez@mail.com,0,0,0,1,Rocio Gonzalez,rocio.gonzalez@mail.com,0,1,1,2023-04-06
12,50,Azúcar 1kg,0.25,0.0966029723991507,-1.2091053593136936,Azúcar 1kg,0,1,0.0966029723991507,2024-06-28,96,Rocio Gonzalez,rocio.gonzalez@mail.com,0,0,0,1,Rocio Gonzalez,rocio.gonzalez@mail.com,0,1,1,2023-04-06
12,56,Papel Higiénico x4,0.5,0.4798301486199575,-0.0190985466604806,Papel Higiénico x4,0,1,0.4798301486199575,2024-06-28,96,Rocio Gonzalez,rocio.gonzalez@mail.com,0,0,0,1,Rocio Gonzalez,rocio.gonzalez@mail.com,0,1,1,2023-04-06
12,87,Sopa Instantánea Pollo,0.5,0.2987261146496816,-0.5149024270869821,Sopa Instantánea Pollo,1,0,0.2987261146496816,2024-06-28,96,Rocio Gonzalez,rocio.gonzalez@mail.com,0,0,0,1,Rocio Gonzalez,rocio.gonzalez@mail.com,0,1,1,2023-04-06
12,38,Mermelada de Frutilla 400g,0.75,0.2785562632696391,-0.2632223799302703,Mermelada de Frutilla 400g,0,1,0.2785562632696391,2024-06-28,96,Rocio Gonzalez,rocio.gonzalez@mail.com,0,0,0,1,Rocio Gonzalez,rocio.gonzalez@mail.com,0,1,1,2023-04-06
13,87,Sopa Instantánea Pollo,0.0,0.2987261146496816,-1.165511817658374,Sopa Instantánea Pollo,1,0,0.2987261146496816,2024-01-24,6,Uma Medina,uma.medina@mail.com,1,0,0,0,Uma Medina,uma.medina@mail.com,1,0,0,2023-01-06
13,81,Aceitunas Verdes 200g,0.5,0.4772823779193206,-0.0260735133253317,Aceitunas Verdes 200g,1,0,0.4772823779193206,2024-01-24,6,Uma Medina,uma.medina@mail.com,1,0,0,0,Uma Medina,uma.medina@mail.com,1,0,0,2023-01-06
13,13,Té Verde 20 saquitos,0.0,0.4481953290870488,-1.0291124695457297,Té Verde 20 saquitos,1,0,0.4481953290870488,2024-01-24,6,Uma Medina,uma.medina@mail.com,1,0,0,0,Uma Medina,uma.medina@mail.com,1,0,0,2023-01-06
14,36,Dulce de Leche 400g,0.75,0.4855626326963906,0.4923990087619359,Dulce de Leche 400g,0,1,0.4855626326963906,2024-04-18,67,Ivana Romero,ivana.romero@mail.com,0,1,0,0,Ivana Romero,ivana.romero@mail.com,1,0,1,2023-03-08
14,72,Ron 700ml,1.0,0.7651804670912952,2.2640405416341243,Ron 700ml,0,1,0.7651804670912952,2024-04-18,67,Ivana Romero,ivana.romero@mail.com,0,1,0,0,Ivana Romero,ivana.romero@mail.com,1,0,1,2023-03-08
14,38,Mermelada de Frutilla 400g,0.5,0.2785562632696391,-0.5701209131837203,Mermelada de Frutilla 400g,0,1,0.2785562632696391,2024-04-18,67,Ivana Romero,ivana.romero@mail.com,0,1,0,0,Ivana Romero,ivana.romero@mail.com,1,0,1,2023-03-08
14,97,Limpiavidrios 500ml,0.0,0.1273885350318471,-1.3218673203954536,Limpiavidrios 500ml,1,0,0.1273885350318471,2024-04-18,67,Ivana Romero,ivana.romero@mail.com,0,1,0,0,Ivana Romero,ivana.romero@mail.com,1,0,1,2023-03-08
15,37,Mermelada de Durazno 400g,0.5,0.6208067940552018,0.3668496087946154,Mermelada de Durazno 400g,1,0,0.6208067940552018,2024-06-27,56,Bruno Diaz,bruno.diaz@mail.com,0,0,1,0,Bruno Diaz,bruno.diaz@mail.com,0,1,0,2023-02-25
16,35,Barrita de Cereal 30g,1.0,0.8828025477707007,2.451056835335445,Barrita de Cereal 30g,1,0,0.8828025477707007,2024-04-12,2,Nicolas Rojas,nicolas.rojas@mail.com,0,0,0,1,Nicolas Rojas,nicolas.rojas@mail.com,0,0,1,2023-01-02
17,81,Aceitunas Verdes 200g,1.0,0.4772823779193206,0.950421819753827,Aceitunas Verdes 200g,1,0,0.4772823779193206,2024-02-17,88,Felipe Castro,felipe.castro@mail.com,0,0,0,1,Felipe Castro,felipe.castro@mail.com,1,0,0,2023-03-29
17,46,Lentejas Secas 500g,1.0,0.5868365180467091,1.450294430734825,Lentejas Secas 500g,0,1,0.5868365180467091,2024-02-17,88,Felipe Castro,felipe.castro@mail.com,0,0,0,1,Felipe Castro,felipe.castro@mail.com,1,0,0,2023-03-29
17,74,Whisky 750ml,0.5,0.5692144373673036,0.22560653383138,Whisky 750ml,0,1,0.5692144373673036,2024-02-17,88,Felipe Castro,felipe.castro@mail.com,0,0,0,1,Felipe Castro,felipe.castro@mail.com,1,0,0,2023-03-29
18,33,Chocolate con Leche 100g,0.25,0.2087048832271762,-1.004506337144727,Chocolate con Leche 100g,1,0,0.2087048832271762,2024-06-11,81,Camila Ruiz,camila.ruiz@mail.com,0,1,0,0,Camila Ruiz,camila.ruiz@mail.com,0,0,1,2023-03-22
18,4,Fanta Naranja 1.5L,1.0,0.3738853503184713,0.4786428245062572,Fanta Naranja 1.5L,0,1,0.3738853503184713,2024-06-11,81,Camila Ruiz,camila.ruiz@mail.com,0,1,0,0,Camila Ruiz,camila.ruiz@mail.com,0,0,1,2023-03-22
18,24,Galletitas Chocolate,0.25,0.2193205944798301,-0.9851314297423628,Galletitas Chocolate,0,1,0.2193205944798301,2024-06-11,81,Camila Ruiz,camila.ruiz@mail.com,0,1,0,0,Camila Ruiz,camila.ruiz@mail.com,0,0,1,2023-03-22
18,15,Leche Descremada 1L,0.5,0.481104033970276,-0.015611063328055,Leche Descremada 1L,1,0,0.481104033970276,2024-06-11,81,Camila Ruiz,camila.ruiz@mail.com,0,1,0,0,Camila Ruiz,camila.ruiz@mail.com,0,0,1,2023-03-22
18,22,Medialunas de Manteca,1.0,0.3815286624203822,0.513517657830513,Medialunas de Manteca,0,1,0.3815286624203822,2024-06-11,81,Camila Ruiz,camila.ruiz@mail.com,0,1,0,0,Camila Ruiz,camila.ruiz@mail.com,0,0,1,2023-03-22
19,38,Mermelada de Frutilla 400g,0.25,0.2785562632696391,-0.8770194464371701,Mermelada de Frutilla 400g,0,1,0.2785562632696391,2024-06-11,80,Gael Ruiz,gael.ruiz@mail.com,0,0,0,1,Gael Ruiz,gael.ruiz@mail.com,1,1,0,2023-03-21
19,98,Desengrasante 500ml,0.5,0.545859872611465,0.1616693394035779,Desengrasante 500ml,0,1,0.545859872611465,2024-06-11,80,Gael Ruiz,gael.ruiz@mail.com,0,0,0,1,Gael Ruiz,gael.ruiz@mail.com,1,1,0,2023-03-21
19,63,Granola 250g,0.5,0.8630573248407644,1.030052689177544,Granola 250g,1,0,0.8630573248407644,2024-06-11,80,Gael Ruiz,gael.ruiz@mail.com,0,0,0,1,Gael Ruiz,gael.ruiz@mail.com,1,1,0,2023-03-21
20,32,Chocolate Amargo 100g,0.5,0.4165605095541401,-0.1923102188376171,Chocolate Amargo 100g,0,1,0.4165605095541401,2024-01-13,75,Santiago Castro,santiago.castro@mail.com,1,0,0,0,Santiago Castro,santiago.castro@mail.com,0,1,0,2023-03-16
21,76,Pizza Congelada Muzzarella,1.0,0.8522292993630574,2.451056835335445,Pizza Congelada Muzzarella,0,1,0.8522292993630574,2024-06-19,10,Karina Acosta,karina.acosta@mail.com,0,0,1,0,Karina Acosta,karina.acosta@mail.com,0,1,1,2023-01-10
21,35,Barrita de Cereal 30g,0.0,0.8828025477707007,-0.6325081150193331,Barrita de Cereal 30g,1,0,0.8828025477707007,2024-06-19,10,Karina Acosta,karina.acosta@mail.com,0,0,1,0,Karina Acosta,karina.acosta@mail.com,0,1,1,2023-01-10
22,9,Yerba Mate Suave 1kg,0.25,0.7656050955414013,0.0119013051833021,Yerba Mate Suave 1kg,1,0,0.7656050955414013,2024-05-08,64,Julian Alvarez,julian.alvarez@mail.com,0,0,1,0,Julian Alvarez,julian.alvarez@mail.com,1,0,0,2023-03-05
22,28,Papas Fritas Clásicas 100g,0.5,0.1409766454352441,-0.9467691130856816,Papas Fritas Clásicas 100g,0,1,0.1409766454352441,2024-05-08,64,Julian Alvarez,julian.alvarez@mail.com,0,0,1,0,Julian Alvarez,julian.alvarez@mail.com,1,0,0,2023-03-05
22,24,Galletitas Chocolate,0.75,0.2193205944798301,-0.4794463465406555,Galletitas Chocolate,0,1,0.2193205944798301,2024-05-08,64,Julian Alvarez,julian.alvarez@mail.com,0,0,1,0,Julian Alvarez,julian.alvarez@mail.com,1,0,0,2023-03-05
23,64,Avena Instantánea 250g,0.75,0.7815286624203822,1.5727438455177671,Avena Instantánea 250g,0,1,0.7815286624203822,2024-05-16,78,Emilia Alvarez,emilia.alvarez@mail.com,0,0,1,0,Emilia Alvarez,emilia.alvarez@mail.com,1,0,0,2023-03-19
23,83,Queso Untable 190g,0.75,0.3307855626326964,-0.0725732910910059,Queso Untable 190g,1,0,0.3307855626326964,2024-05-16,78,Emilia Alvarez,emilia.alvarez@mail.com,0,0,1,0,Emilia Alvarez,emilia.alvarez@mail.com,1,0,0,2023-03-19
24,91,Desodorante Aerosol,0.25,0.9380042462845012,0.3265498013976978,Desodorante Aerosol,1,0,0.9380042462845012,2024-06-14,55,Olivia Ruiz,olivia.ruiz@mail.com,1,0,0,0,Olivia Ruiz,olivia.ruiz@mail.com,1,1,0,2023-02-24
24,40,Helado Chocolate 1L,1.0,0.2002123142250531,-0.313790888250441,Helado Chocolate 1L,0,1,0.2002123142250531,2024-06-14,55,Olivia Ruiz,olivia.ruiz@mail.com,1,0,0,0,Olivia Ruiz,olivia.ruiz@mail.com,1,1,0,2023-02-24
25,55,Shampoo 400ml,0.0,0.2409766454352441,-1.2182115657928048,Shampoo 400ml,1,0,0.2409766454352441,2024-04-30,13,Ivana Sanchez,ivana.sanchez@mail.com,0,0,1,0,Ivana Sanchez,ivana.sanchez@mail.com,0,0,1,2023-01-13
25,95,Mascarilla Capilar,1.0,0.2779193205944799,0.0407699172128249,Mascarilla Capilar,1,0,0.2779193205944799,2024-04-30,13,Ivana Sanchez,ivana.sanchez@mail.com,0,0,1,0,Ivana Sanchez,ivana.sanchez@mail.com,0,0,1,2023-01-13
25,72,Ron 700ml,0.0,0.7651804670912952,-0.7398451020284311,Ron 700ml,0,1,0.7651804670912952,2024-04-30,13,Ivana Sanchez,ivana.sanchez@mail.com,0,0,1,0,Ivana Sanchez,ivana.sanchez@mail.com,0,0,1,2023-01-13
26,79,Hamburguesas Congeladas x4,0.25,0.4560509554140127,-0.5530709946696397,Hamburguesas Congeladas x4,1,0,0.4560509554140127,2024-01-23,49,Olivia Gomez,olivia.gomez@mail.com,0,0,0,1,Olivia Gomez,olivia.gomez@mail.com,0,1,0,2023-02-18
26,86,Jugo en Polvo Limón,0.0,0.810615711252654,-0.6983828001873716,Jugo en Polvo Limón,0,1,0.810615711252654,2024-01-23,49,Olivia Gomez,olivia.gomez@mail.com,0,0,0,1,Olivia Gomez,olivia.gomez@mail.com,0,1,0,2023-02-18
27,7,Jugo de Manzana 1L,0.75,0.6363057324840765,1.042646378989081,Jugo de Manzana 1L,1,0,0.6363057324840765,2024-02-25,9,Yamila Molina,yamila.molina@mail.com,0,0,1,0,Yamila Molina,yamila.molina@mail.com,0,0,1,2023-01-09
27,78,Verduras Congeladas Mix,0.75,0.8528662420382166,1.833142601005543,Verduras Congeladas Mix,0,1,0.8528662420382166,2024-02-25,9,Yamila Molina,yamila.molina@mail.com,0,0,1,0,Yamila Molina,yamila.molina@mail.com,0,0,1,2023-01-09
28,74,Whisky 750ml,0.0,0.5692144373673036,-0.9186754973522532,Whisky 750ml,0,1,0.5692144373673036,2024-05-20,52,Diego Diaz,diego.diaz@mail.com,0,1,0,0,Diego Diaz,diego.diaz@mail.com,0,1,0,2023-02-21
28,91,Desodorante Aerosol,0.25,0.9380042462845012,0.3265498013976978,Desodorante Aerosol,1,0,0.9380042462845012,2024-05-20,52,Diego Diaz,diego.diaz@mail.com,0,1,0,0,Diego Diaz,diego.diaz@mail.com,0,1,0,2023-02-21
28,72,Ron 700ml,0.0,0.7651804670912952,-0.7398451020284311,Ron 700ml,0,1,0.7651804670912952,2024-05-20,52,Diego Diaz,diego.diaz@mail.com,0,1,0,0,Diego Diaz,diego.diaz@mail.com,0,1,0,2023-02-21
28,18,Queso Rallado 150g,0.25,0.6734607218683653,-0.1562728910692196,Queso Rallado 150g,0,1,0.6734607218683653,2024-05-20,52,Diego Diaz,diego.diaz@mail.com,0,1,0,0,Diego Diaz,diego.diaz@mail.com,0,1,0,2023-02-21
28,27,Alfajor Simple,1.0,0.4734607218683652,0.9329844030916992,Alfajor Simple,1,0,0.4734607218683652,2024-05-20,52,Diego Diaz,diego.diaz@mail.com,0,1,0,0,Diego Diaz,diego.diaz@mail.com,0,1,0,2023-02-21
29,58,Caramelos Masticables,0.0,0.951167728237792,-0.5701209131837203,Caramelos Masticables,0,1,0.951167728237792,2024-02-20,49,Olivia Gomez,olivia.gomez@mail.com,0,1,0,0,Olivia Gomez,olivia.gomez@mail.com,0,1,0,2023-02-18
29,36,Dulce de Leche 400g,0.25,0.4855626326963906,-0.499208752091067,Dulce de Leche 400g,0,1,0.4855626326963906,2024-02-20,49,Olivia Gomez,olivia.gomez@mail.com,0,1,0,0,Olivia Gomez,olivia.gomez@mail.com,0,1,0,2023-02-18
29,71,Vodka 700ml,0.75,0.0501061571125265,-1.097118394528028,Vodka 700ml,1,0,0.0501061571125265,2024-02-20,49,Olivia Gomez,olivia.gomez@mail.com,0,1,0,0,Olivia Gomez,olivia.gomez@mail.com,0,1,0,2023-02-18
29,27,Alfajor Simple,0.25,0.4734607218683652,-0.5212961465297623,Alfajor Simple,1,0,0.4734607218683652,2024-02-20,49,Olivia Gomez,olivia.gomez@mail.com,0,1,0,0,Olivia Gomez,olivia.gomez@mail.com,0,1,0,2023-02-18
29,66,Cerveza Negra 1L,0.0,0.267728237791932,-1.1937991824658258,Cerveza Negra 1L,0,1,0.267728237791932,2024-02-20,49,Olivia Gomez,olivia.gomez@mail.com,0,1,0,0,Olivia Gomez,olivia.gomez@mail.com,0,1,0,2023-02-18
30,49,Harina de Trigo 1kg,0.75,0.4755838641188959,0.455974182845491,Harina de Trigo 1kg,1,0,0.4755838641188959,2024-03-03,93,Gael Rojas,gael.rojas@mail.com,0,0,0,1,Gael Rojas,gael.rojas@mail.com,1,0,1,2023-04-03
30,78,Verduras Congeladas Mix,0.5,0.8528662420382166,1.0021528225181395,Verduras Congeladas Mix,0,1,0.8528662420382166,2024-03-03,93,Gael Rojas,gael.rojas@mail.com,0,0,0,1,Gael Rojas,gael.rojas@mail.com,1,0,1,2023-04-03
30,82,Aceitunas Negras 200g,0.75,0.4505307855626327,0.3645246199063317,Aceitunas Negras 200g,0,1,0.4505307855626327,2024-03-03,93,Gael Rojas,gael.rojas@mail.com,0,0,0,1,Gael Rojas,gael.rojas@mail.com,1,0,1,2023-04-03
30,7,Jugo de Manzana 1L,0.0,0.6363057324840765,-0.8574507899607823,Jugo de Manzana 1L,1,0,0.6363057324840765,2024-03-03,93,Gael Rojas,gael.rojas@mail.com,0,0,0,1,Gael Rojas,gael.rojas@mail.com,1,0,1,2023-04-03
31,92,Crema Dental 90g,0.75,0.4755838641188959,0.455974182845491,Crema Dental 90g,0,1,0.4755838641188959,2024-05-22,19,Uma Silva,uma.silva@mail.com,1,0,0,0,Uma Silva,uma.silva@mail.com,1,1,0,2023-01-19
31,90,Toallas Húmedas x50,0.5,0.5583864118895966,0.1959629255057626,Toallas Húmedas x50,0,1,0.5583864118895966,2024-05-22,19,Uma Silva,uma.silva@mail.com,1,0,0,0,Uma Silva,uma.silva@mail.com,1,1,0,2023-01-19
31,84,Queso Azul 150g,1.0,0.2915074309978769,0.1027696209003905,Queso Azul 150g,0,1,0.2915074309978769,2024-05-22,19,Uma Silva,uma.silva@mail.com,1,0,0,0,Uma Silva,uma.silva@mail.com,1,1,0,2023-01-19
32,72,Ron 700ml,1.0,0.7651804670912952,2.2640405416341243,Ron 700ml,0,1,0.7651804670912952,2024-01-30,31,Felipe Ruiz,felipe.ruiz@mail.com,0,0,0,1,Felipe Ruiz,felipe.ruiz@mail.com,1,0,0,2023-01-31
32,53,Lavandina 1L,0.75,0.2955414012738854,-0.2012226762427047,Lavandina 1L,1,0,0.2955414012738854,2024-01-30,31,Felipe Ruiz,felipe.ruiz@mail.com,0,0,0,1,Felipe Ruiz,felipe.ruiz@mail.com,1,0,0,2023-01-31
32,17,Queso Cremoso 500g,0.5,0.9685774946921444,1.3189325585467953,Queso Cremoso 500g,1,0,0.9685774946921444,2024-01-30,31,Felipe Ruiz,felipe.ruiz@mail.com,0,0,0,1,Felipe Ruiz,felipe.ruiz@mail.com,1,0,0,2023-01-31
32,35,Barrita de Cereal 30g,0.5,0.8828025477707007,1.0841086808301403,Barrita de Cereal 30g,1,0,0.8828025477707007,2024-01-30,31,Felipe Ruiz,felipe.ruiz@mail.com,0,0,0,1,Felipe Ruiz,felipe.ruiz@mail.com,1,0,0,2023-01-31
33,47,Garbanzos 500g,0.25,0.5662420382165605,-0.3519594558330986,Garbanzos 500g,1,0,0.5662420382165605,2024-02-13,6,Uma Medina,uma.medina@mail.com,0,0,0,1,Uma Medina,uma.medina@mail.com,1,0,0,2023-01-06
33,76,Pizza Congelada Muzzarella,0.75,0.8522292993630574,1.8308176121172592,Pizza Congelada Muzzarella,0,1,0.8522292993630574,2024-02-13,6,Uma Medina,uma.medina@mail.com,0,0,0,1,Uma Medina,uma.medina@mail.com,1,0,0,2023-01-06
33,100,Trapo de Piso,0.0,0.972823779193206,-0.5503585076333087,Trapo de Piso,0,1,0.972823779193206,2024-02-13,6,Uma Medina,uma.medina@mail.com,0,0,0,1,Uma Medina,uma.medina@mail.com,1,0,0,2023-01-06
33,91,Desodorante Aerosol,0.25,0.9380042462845012,0.3265498013976978,Desodorante Aerosol,1,0,0.9380042462845012,2024-02-13,6,Uma Medina,uma.medina@mail.com,0,0,0,1,Uma Medina,uma.medina@mail.com,1,0,0,2023-01-06
34,10,Yerba Mate Intensa 1kg,0.0,0.9789808917197452,-0.5447397844866231,Yerba Mate Intensa 1kg,0,1,0.9789808917197452,2024-01-13,58,Karina Acosta,karina.acosta2@mail.com,0,0,1,0,Karina Acosta,karina.acosta2@mail.com,0,1,0,2023-02-27
34,32,Chocolate Amargo 100g,1.0,0.4165605095541401,0.673360643900018,Chocolate Amargo 100g,0,1,0.4165605095541401,2024-01-13,58,Karina Acosta,karina.acosta2@mail.com,0,0,1,0,Karina Acosta,karina.acosta2@mail.com,0,1,0,2023-02-27
35,93,Cepillo de Dientes,0.5,0.3970276008492569,-0.2457849632681425,Cepillo de Dientes,1,0,0.3970276008492569,2024-05-30,61,Guadalupe Martinez,guadalupe.martinez@mail.com,0,0,0,1,Guadalupe Martinez,guadalupe.martinez@mail.com,0,1,0,2023-03-02
35,80,Helado de Frutilla 1L,0.25,0.3628450106157113,-0.7231826816623979,Helado de Frutilla 1L,0,1,0.3628450106157113,2024-05-30,61,Guadalupe Martinez,guadalupe.martinez@mail.com,0,0,0,1,Guadalupe Martinez,guadalupe.martinez@mail.com,0,1,0,2023-03-02
35,88,Caldo Concentrado Carne,1.0,0.4878980891719745,0.9988590882597376,Caldo Concentrado Carne,0,1,0.4878980891719745,2024-05-30,61,Guadalupe Martinez,guadalupe.martinez@mail.com,0,0,0,1,Guadalupe Martinez,guadalupe.martinez@mail.com,0,1,0,2023-03-02
36,50,Azúcar 1kg,0.75,0.0966029723991507,-0.9273942056833172,Azúcar 1kg,0,1,0.0966029723991507,2024-06-25,5,Agustina Flores,agustina.flores@mail.com,1,0,0,0,Agustina Flores,agustina.flores@mail.com,0,1,1,2023-01-05
36,48,Porotos Negros 500g,0.25,0.8895966029723992,0.2382002236429167,Porotos Negros 500g,0,1,0.8895966029723992,2024-06-25,5,Agustina Flores,agustina.flores@mail.com,1,0,0,0,Agustina Flores,agustina.flores@mail.com,0,1,1,2023-01-05
37,18,Queso Rallado 150g,0.5,0.6734607218683653,0.5109989198682056,Queso Rallado 150g,0,1,0.6734607218683653,2024-05-17,57,Julian Acosta,julian.acosta@mail.com,0,1,0,0,Julian Acosta,julian.acosta@mail.com,0,1,0,2023-02-26
38,62,Stevia 100 sobres,1.0,0.759235668789809,2.2369156712708143,Stevia 100 sobres,0,1,0.759235668789809,2024-05-29,56,Bruno Diaz,bruno.diaz@mail.com,1,0,0,0,Bruno Diaz,bruno.diaz@mail.com,0,1,0,2023-02-25
38,14,Leche Entera 1L,0.5,0.308067940552017,-0.4893275493158612,Leche Entera 1L,0,1,0.308067940552017,2024-05-29,56,Bruno Diaz,bruno.diaz@mail.com,1,0,0,0,Bruno Diaz,bruno.diaz@mail.com,0,1,0,2023-02-25
38,65,Cerveza Rubia 1L,1.0,0.456687898089172,0.8564535188523603,Cerveza Rubia 1L,1,0,0.456687898089172,2024-05-29,56,Bruno Diaz,bruno.diaz@mail.com,1,0,0,0,Bruno Diaz,bruno.diaz@mail.com,0,1,0,2023-02-25
38,5,Agua Mineral 500ml,0.5,0.956475583864119,1.2858014668887523,Agua Mineral 500ml,1,0,0.956475583864119,2024-05-29,56,Bruno Diaz,bruno.diaz@mail.com,1,0,0,0,Bruno Diaz,bruno.diaz@mail.com,0,1,0,2023-02-25
39,44,Arroz Largo Fino 1kg,0.75,0.5747346072186836,0.8178974531216554,Arroz Largo Fino 1kg,0,1,0.5747346072186836,2024-03-05,5,Agustina Flores,agustina.flores@mail.com,0,0,0,1,Agustina Flores,agustina.flores@mail.com,0,1,1,2023-01-05
39,22,Medialunas de Manteca,0.25,0.3815286624203822,-0.6890828446342367,Medialunas de Manteca,0,1,0.3815286624203822,2024-03-05,5,Agustina Flores,agustina.flores@mail.com,0,0,0,1,Agustina Flores,agustina.flores@mail.com,0,1,1,2023-01-05
39,58,Caramelos Masticables,0.75,0.951167728237792,2.191965886097329,Caramelos Masticables,0,1,0.951167728237792,2024-03-05,5,Agustina Flores,agustina.flores@mail.com,0,0,0,1,Agustina Flores,agustina.flores@mail.com,0,1,1,2023-01-05
39,81,Aceitunas Verdes 200g,0.75,0.4772823779193206,0.4621741532142476,Aceitunas Verdes 200g,1,0,0.4772823779193206,2024-03-05,5,Agustina Flores,agustina.flores@mail.com,0,0,0,1,Agustina Flores,agustina.flores@mail.com,0,1,1,2023-01-05
40,44,Arroz Largo Fino 1kg,0.25,0.5747346072186836,-0.3364595299112072,Arroz Largo Fino 1kg,0,1,0.5747346072186836,2024-05-13,15,Tomas Ruiz,tomas.ruiz@mail.com,0,0,0,1,Tomas Ruiz,tomas.ruiz@mail.com,0,1,1,2023-01-15
41,51,Sal Fina 500g,0.0,0.3127388535031847,-1.1527243787728136,Sal Fina 500g,1,0,0.3127388535031847,2024-03-08,29,Diego Fernandez,diego.fernandez@mail.com,1,0,0,0,Diego Fernandez,diego.fernandez@mail.com,1,0,1,2023-01-29
41,15,Leche Descremada 1L,0.0,0.481104033970276,-0.999081363072065,Leche Descremada 1L,1,0,0.481104033970276,2024-03-08,29,Diego Fernandez,diego.fernandez@mail.com,1,0,0,0,Diego Fernandez,diego.fernandez@mail.com,1,0,1,2023-01-29
42,47,Garbanzos 500g,0.5,0.5662420382165605,0.217469072722387,Garbanzos 500g,1,0,0.5662420382165605,2024-04-18,12,Gael Gomez,gael.gomez@mail.com,1,0,0,0,Gael Gomez,gael.gomez@mail.com,1,0,1,2023-01-12
42,29,Papas Fritas Onduladas 100g,0.0,0.3388535031847134,-1.1288932426679057,Papas Fritas Onduladas 100g,1,0,0.3388535031847134,2024-04-18,12,Gael Gomez,gael.gomez@mail.com,1,0,0,0,Gael Gomez,gael.gomez@mail.com,1,0,1,2023-01-12
42,73,Gin 700ml,0.5,0.2736730360934183,-0.5834895992913516,Gin 700ml,1,0,0.2736730360934183,2024-04-18,12,Gael Gomez,gael.gomez@mail.com,1,0,0,0,Gael Gomez,gael.gomez@mail.com,1,0,1,2023-01-12
43,1,Coca Cola 1.5L,1.0,0.440552016985138,0.7828288707233761,Coca Cola 1.5L,1,0,0.440552016985138,2024-02-18,23,Helena Fernandez,helena.fernandez@mail.com,0,0,0,1,Helena Fernandez,helena.fernandez@mail.com,0,1,0,2023-01-23
43,49,Harina de Trigo 1kg,0.25,0.4755838641188959,-0.5174211650492895,Harina de Trigo 1kg,1,0,0.4755838641188959,2024-02-18,23,Helena Fernandez,helena.fernandez@mail.com,0,0,0,1,Helena Fernandez,helena.fernandez@mail.com,0,1,0,2023-01-23
43,66,Cerveza Negra 1L,0.25,0.267728237791932,-0.8967818519875816,Cerveza Negra 1L,0,1,0.267728237791932,2024-02-18,23,Helena Fernandez,helena.fernandez@mail.com,0,0,0,1,Helena Fernandez,helena.fernandez@mail.com,0,1,0,2023-01-23
44,48,Porotos Negros 500g,0.0,0.8895966029723992,-0.6263081446505766,Porotos Negros 500g,0,1,0.8895966029723992,2024-02-21,21,Elena Rodriguez,elena.rodriguez@mail.com,0,0,0,1,Elena Rodriguez,elena.rodriguez@mail.com,1,0,1,2023-01-21
44,47,Garbanzos 500g,0.25,0.5662420382165605,-0.3519594558330986,Garbanzos 500g,1,0,0.5662420382165605,2024-02-21,21,Elena Rodriguez,elena.rodriguez@mail.com,0,0,0,1,Elena Rodriguez,elena.rodriguez@mail.com,1,0,1,2023-01-21
44,100,Trapo de Piso,0.25,0.972823779193206,0.3900994976774525,Trapo de Piso,0,1,0.972823779193206,2024-02-21,21,Elena Rodriguez,elena.rodriguez@mail.com,0,0,0,1,Elena Rodriguez,elena.rodriguez@mail.com,1,0,1,2023-01-21
45,12,Té Negro 20 saquitos,0.25,0.0632696390658174,-1.2699425685571173,Té Negro 20 saquitos,0,1,0.0632696390658174,2024-01-19,15,Tomas Ruiz,tomas.ruiz@mail.com,0,0,0,1,Tomas Ruiz,tomas.ruiz@mail.com,0,1,1,2023-01-15
45,18,Queso Rallado 150g,0.25,0.6734607218683653,-0.1562728910692196,Queso Rallado 150g,0,1,0.6734607218683653,2024-01-19,15,Tomas Ruiz,tomas.ruiz@mail.com,0,0,0,1,Tomas Ruiz,tomas.ruiz@mail.com,0,1,1,2023-01-15
45,87,Sopa Instantánea Pollo,0.75,0.2987261146496816,-0.1895977318012861,Sopa Instantánea Pollo,1,0,0.2987261146496816,2024-01-19,15,Tomas Ruiz,tomas.ruiz@mail.com,0,0,0,1,Tomas Ruiz,tomas.ruiz@mail.com,0,1,1,2023-01-15
45,98,Desengrasante 500ml,0.0,0.545859872611465,-0.939987895494854,Desengrasante 500ml,0,1,0.545859872611465,2024-01-19,15,Tomas Ruiz,tomas.ruiz@mail.com,0,0,0,1,Tomas Ruiz,tomas.ruiz@mail.com,0,1,1,2023-01-15
45,52,Detergente Líquido 750ml,0.25,0.4904458598726114,-0.4902962946859794,Detergente Líquido 750ml,0,1,0.4904458598726114,2024-01-19,15,Tomas Ruiz,tomas.ruiz@mail.com,0,0,0,1,Tomas Ruiz,tomas.ruiz@mail.com,0,1,1,2023-01-15
46,21,Pan Lactal Integral,0.0,0.0,-1.4381167648096391,Pan Lactal Integral,1,0,0.0,2024-03-25,46,Agustina Martinez,agustina.martinez@mail.com,1,0,0,0,Agustina Martinez,agustina.martinez@mail.com,1,0,1,2023-02-15
47,43,Salsa de Tomate 500g,1.0,0.1305732484076433,-0.631539369649215,Salsa de Tomate 500g,1,0,0.1305732484076433,2024-05-04,52,Diego Diaz,diego.diaz@mail.com,0,0,1,0,Diego Diaz,diego.diaz@mail.com,0,1,0,2023-02-21
47,6,Jugo de Naranja 1L,0.5,0.8276008492569003,0.9329844030916992,Jugo de Naranja 1L,0,1,0.8276008492569003,2024-05-04,52,Diego Diaz,diego.diaz@mail.com,0,0,1,0,Diego Diaz,diego.diaz@mail.com,0,1,0,2023-02-21
48,70,Fernet 750ml,0.0,0.8044585987261147,-0.7040015233340573,Fernet 750ml,0,1,0.8044585987261147,2024-01-26,84,Pablo Sanchez,pablo.sanchez@mail.com,0,1,0,0,Pablo Sanchez,pablo.sanchez@mail.com,0,1,1,2023-03-25
48,54,Jabón de Tocador,1.0,0.2802547770700637,0.0514261162841252,Jabón de Tocador,0,1,0.2802547770700637,2024-01-26,84,Pablo Sanchez,pablo.sanchez@mail.com,0,1,0,0,Pablo Sanchez,pablo.sanchez@mail.com,0,1,1,2023-03-25
48,57,Servilletas x100,0.75,0.9019108280254776,2.012166745403389,Servilletas x100,1,0,0.9019108280254776,2024-01-26,84,Pablo Sanchez,pablo.sanchez@mail.com,0,1,0,0,Pablo Sanchez,pablo.sanchez@mail.com,0,1,1,2023-03-25
49,59,Chicle Menta,0.25,0.7091295116772824,-0.0911732021972756,Chicle Menta,1,0,0.7091295116772824,2024-06-02,5,Agustina Flores,agustina.flores@mail.com,0,0,0,1,Agustina Flores,agustina.flores@mail.com,0,1,1,2023-01-05
49,21,Pan Lactal Integral,0.75,0.0,-1.2800175204063469,Pan Lactal Integral,1,0,0.0,2024-06-02,5,Agustina Flores,agustina.flores@mail.com,0,0,0,1,Agustina Flores,agustina.flores@mail.com,0,1,1,2023-01-05
49,59,Chicle Menta,0.75,0.7091295116772824,1.3084701085495185,Chicle Menta,1,0,0.7091295116772824,2024-06-02,5,Agustina Flores,agustina.flores@mail.com,0,0,0,1,Agustina Flores,agustina.flores@mail.com,0,1,1,2023-01-05
49,18,Queso Rallado 150g,0.5,0.6734607218683653,0.5109989198682056,Queso Rallado 150g,0,1,0.6734607218683653,2024-06-02,5,Agustina Flores,agustina.flores@mail.com,0,0,0,1,Agustina Flores,agustina.flores@mail.com,0,1,1,2023-01-05
49,85,Jugo en Polvo Naranja,0.5,0.3363057324840764,-0.4120216687804278,Jugo en Polvo Naranja,1,0,0.3363057324840764,2024-06-02,5,Agustina Flores,agustina.flores@mail.com,0,0,0,1,Agustina Flores,agustina.flores@mail.com,0,1,1,2023-01-05
50,10,Yerba Mate Intensa 1kg,0.25,0.9789808917197452,0.4013369439708238,Yerba Mate Intensa 1kg,0,1,0.9789808917197452,2024-01-09,8,Bruno Castro,bruno.castro@mail.com,0,0,1,0,Bruno Castro,bruno.castro@mail.com,0,0,1,2023-01-08
50,34,Turrón 50g,1.0,0.0490445859872611,-1.0035375917746088,Turrón 50g,0,1,0.0490445859872611,2024-01-09,8,Bruno Castro,bruno.castro@mail.com,0,0,1,0,Bruno Castro,bruno.castro@mail.com,0,0,1,2023-01-08
50,58,Caramelos Masticables,1.0,0.951167728237792,2.451056835335445,Caramelos Masticables,0,1,0.951167728237792,2024-01-09,8,Bruno Castro,bruno.castro@mail.com,0,0,1,0,Bruno Castro,bruno.castro@mail.com,0,0,1,2023-01-08
50,32,Chocolate Amargo 100g,0.5,0.4165605095541401,-0.1923102188376171,Chocolate Amargo 100g,0,1,0.4165605095541401,2024-01-09,8,Bruno Castro,bruno.castro@mail.com,0,0,1,0,Bruno Castro,bruno.castro@mail.com,0,0,1,2023-01-08
50,91,Desodorante Aerosol,0.75,0.9380042462845012,2.143916115739465,Desodorante Aerosol,1,0,0.9380042462845012,2024-01-09,8,Bruno Castro,bruno.castro@mail.com,0,0,1,0,Bruno Castro,bruno.castro@mail.com,0,0,1,2023-01-08
51,31,Mix de Frutos Secos 200g,0.0,0.6660297239915075,-0.8303259195974723,Mix de Frutos Secos 200g,1,0,0.6660297239915075,2024-02-18,39,Santiago Diaz,santiago.diaz@mail.com,0,0,0,1,Santiago Diaz,santiago.diaz@mail.com,1,0,1,2023-02-08
52,83,Queso Untable 190g,0.25,0.3307855626326964,-0.781694902017538,Queso Untable 190g,1,0,0.3307855626326964,2024-05-10,5,Agustina Flores,agustina.flores@mail.com,1,0,0,0,Agustina Flores,agustina.flores@mail.com,0,1,1,2023-01-05
52,9,Yerba Mate Suave 1kg,0.75,0.7656050955414013,1.5146191233106745,Yerba Mate Suave 1kg,1,0,0.7656050955414013,2024-05-10,5,Agustina Flores,agustina.flores@mail.com,1,0,0,0,Agustina Flores,agustina.flores@mail.com,0,1,1,2023-01-05
52,81,Aceitunas Verdes 200g,1.0,0.4772823779193206,0.950421819753827,Aceitunas Verdes 200g,1,0,0.4772823779193206,2024-05-10,5,Agustina Flores,agustina.flores@mail.com,1,0,0,0,Agustina Flores,agustina.flores@mail.com,0,1,1,2023-01-05
52,38,Mermelada de Frutilla 400g,0.5,0.2785562632696391,-0.5701209131837203,Mermelada de Frutilla 400g,0,1,0.2785562632696391,2024-05-10,5,Agustina Flores,agustina.flores@mail.com,1,0,0,0,Agustina Flores,agustina.flores@mail.com,0,1,1,2023-01-05
53,28,Papas Fritas Clásicas 100g,0.0,0.1409766454352441,-1.3094673796579404,Papas Fritas Clásicas 100g,0,1,0.1409766454352441,2024-01-25,56,Bruno Diaz,bruno.diaz@mail.com,1,0,0,0,Bruno Diaz,bruno.diaz@mail.com,0,1,0,2023-02-25
54,65,Cerveza Rubia 1L,0.0,0.456687898089172,-1.0213625065847838,Cerveza Rubia 1L,1,0,0.456687898089172,2024-03-26,1,Mariana Lopez,mariana.lopez@mail.com,1,0,0,0,Mariana Lopez,mariana.lopez@mail.com,0,0,1,2023-01-01
54,18,Queso Rallado 150g,0.25,0.6734607218683653,-0.1562728910692196,Queso Rallado 150g,0,1,0.6734607218683653,2024-03-26,1,Mariana Lopez,mariana.lopez@mail.com,1,0,0,0,Mariana Lopez,mariana.lopez@mail.com,0,0,1,2023-01-01
54,91,Desodorante Aerosol,0.5,0.9380042462845012,1.2352329585685815,Desodorante Aerosol,1,0,0.9380042462845012,2024-03-26,1,Mariana Lopez,mariana.lopez@mail.com,1,0,0,0,Mariana Lopez,mariana.lopez@mail.com,0,0,1,2023-01-01
54,8,Energética Nitro 500ml,0.5,0.837791932059448,0.9608842697511036,Energética Nitro 500ml,0,1,0.837791932059448,2024-03-26,1,Mariana Lopez,mariana.lopez@mail.com,1,0,0,0,Mariana Lopez,mariana.lopez@mail.com,0,0,1,2023-01-01
55,39,Helado Vainilla 1L,0.75,0.0418259023354564,-1.1273432500757163,Helado Vainilla 1L,1,0,0.0418259023354564,2024-01-04,100,Agustina Lopez,agustina.lopez@mail.com,0,1,0,0,Agustina Lopez,agustina.lopez@mail.com,0,1,1,2023-04-10
56,18,Queso Rallado 150g,1.0,0.6734607218683653,1.845542541743056,Queso Rallado 150g,0,1,0.6734607218683653,2024-06-14,15,Tomas Ruiz,tomas.ruiz@mail.com,0,1,0,0,Tomas Ruiz,tomas.ruiz@mail.com,0,1,1,2023-01-15
57,31,Mix de Frutos Secos 200g,0.5,0.6660297239915075,0.4906552670957231,Mix de Frutos Secos 200g,1,0,0.6660297239915075,2024-01-10,34,Bruno Castro,bruno.castro2@mail.com,0,0,0,1,Bruno Castro,bruno.castro2@mail.com,1,0,0,2023-02-03
57,41,Aceite de Girasol 1L,0.75,0.1248407643312102,-0.8243196983027393,Aceite de Girasol 1L,1,0,0.1248407643312102,2024-01-10,34,Bruno Castro,bruno.castro2@mail.com,0,0,0,1,Bruno Castro,bruno.castro2@mail.com,1,0,0,2023-02-03
57,9,Yerba Mate Suave 1kg,1.0,0.7656050955414013,2.265978032374361,Yerba Mate Suave 1kg,1,0,0.7656050955414013,2024-01-10,34,Bruno Castro,bruno.castro2@mail.com,0,0,0,1,Bruno Castro,bruno.castro2@mail.com,1,0,0,2023-02-03
57,76,Pizza Congelada Muzzarella,0.5,0.8522292993630574,1.0004090808519268,Pizza Congelada Muzzarella,0,1,0.8522292993630574,2024-01-10,34,Bruno Castro,bruno.castro2@mail.com,0,0,0,1,Bruno Castro,bruno.castro2@mail.com,1,0,0,2023-02-03
57,98,Desengrasante 500ml,0.75,0.545859872611465,0.7124979568527938,Desengrasante 500ml,0,1,0.545859872611465,2024-01-10,34,Bruno Castro,bruno.castro2@mail.com,0,0,0,1,Bruno Castro,bruno.castro2@mail.com,1,0,0,2023-02-03
58,43,Salsa de Tomate 500g,0.25,0.1305732484076433,-1.147105655626128,Salsa de Tomate 500g,1,0,0.1305732484076433,2024-02-04,48,Rocio Alvarez,rocio.alvarez@mail.com,0,0,1,0,Rocio Alvarez,rocio.alvarez@mail.com,0,1,1,2023-02-17
58,11,Café Molido 250g,0.0,0.3781316348195329,-1.0930496639735316,Café Molido 250g,1,0,0.3781316348195329,2024-02-04,48,Rocio Alvarez,rocio.alvarez@mail.com,0,0,1,0,Rocio Alvarez,rocio.alvarez@mail.com,0,1,1,2023-02-17
59,31,Mix de Frutos Secos 200g,0.0,0.6660297239915075,-0.8303259195974723,Mix de Frutos Secos 200g,1,0,0.6660297239915075,2024-04-28,62,Guadalupe Romero,guadalupe.romero@mail.com,1,0,0,0,Guadalupe Romero,guadalupe.romero@mail.com,0,0,1,2023-03-03
59,8,Energética Nitro 500ml,0.25,0.837791932059448,0.1436506755193791,Energética Nitro 500ml,0,1,0.837791932059448,2024-04-28,62,Guadalupe Romero,guadalupe.romero@mail.com,1,0,0,0,Guadalupe Romero,guadalupe.romero@mail.com,0,0,1,2023-03-03
59,97,Limpiavidrios 500ml,1.0,0.1273885350318471,-0.6460705502009881,Limpiavidrios 500ml,1,0,0.1273885350318471,2024-04-28,62,Guadalupe Romero,guadalupe.romero@mail.com,1,0,0,0,Guadalupe Romero,guadalupe.romero@mail.com,0,0,1,2023-03-03
60,43,Salsa de Tomate 500g,0.0,0.1305732484076433,-1.318961084285099,Salsa de Tomate 500g,1,0,0.1305732484076433,2024-04-04,81,Camila Ruiz,camila.ruiz@mail.com,0,0,1,0,Camila Ruiz,camila.ruiz@mail.com,0,0,1,2023-03-22
60,98,Desengrasante 500ml,0.5,0.545859872611465,0.1616693394035779,Desengrasante 500ml,0,1,0.545859872611465,2024-04-04,81,Camila Ruiz,camila.ruiz@mail.com,0,0,1,0,Camila Ruiz,camila.ruiz@mail.com,0,0,1,2023-03-22
60,15,Leche Descremada 1L,0.0,0.481104033970276,-0.999081363072065,Leche Descremada 1L,1,0,0.481104033970276,2024-04-04,81,Camila Ruiz,camila.ruiz@mail.com,0,0,1,0,Camila Ruiz,camila.ruiz@mail.com,0,0,1,2023-03-22
60,21,Pan Lactal Integral,0.25,0.0,-1.3854170166752084,Pan Lactal Integral,1,0,0.0,2024-04-04,81,Camila Ruiz,camila.ruiz@mail.com,0,0,1,0,Camila Ruiz,camila.ruiz@mail.com,0,0,1,2023-03-22
60,91,Desodorante Aerosol,0.75,0.9380042462845012,2.143916115739465,Desodorante Aerosol,1,0,0.9380042462845012,2024-04-04,81,Camila Ruiz,camila.ruiz@mail.com,0,0,1,0,Camila Ruiz,camila.ruiz@mail.com,0,0,1,2023-03-22
61,9,Yerba Mate Suave 1kg,0.5,0.7656050955414013,0.7632602142469882,Yerba Mate Suave 1kg,1,0,0.7656050955414013,2024-06-01,27,Tomas Castro,tomas.castro@mail.com,0,0,0,1,Tomas Castro,tomas.castro@mail.com,0,1,0,2023-01-27
61,19,Manteca 200g,0.5,0.6324840764331211,0.3988182060085165,Manteca 200g,1,0,0.6324840764331211,2024-06-01,27,Tomas Castro,tomas.castro@mail.com,0,0,0,1,Tomas Castro,tomas.castro@mail.com,0,1,0,2023-01-27
62,47,Garbanzos 500g,0.75,0.5662420382165605,0.7868976012778727,Garbanzos 500g,1,0,0.5662420382165605,2024-05-01,100,Agustina Lopez,agustina.lopez@mail.com,0,0,1,0,Agustina Lopez,agustina.lopez@mail.com,0,1,1,2023-04-10
62,95,Mascarilla Capilar,0.5,0.2779193205944799,-0.571864654849933,Mascarilla Capilar,1,0,0.2779193205944799,2024-05-01,100,Agustina Lopez,agustina.lopez@mail.com,0,0,1,0,Agustina Lopez,agustina.lopez@mail.com,0,1,1,2023-04-10
63,8,Energética Nitro 500ml,1.0,0.837791932059448,2.451056835335445,Energética Nitro 500ml,0,1,0.837791932059448,2024-06-19,25,Karina Castro,karina.castro@mail.com,1,0,0,0,Karina Castro,karina.castro@mail.com,0,1,0,2023-01-25
63,2,Pepsi 1.5L,0.25,0.9980891719745224,0.4362117772950795,Pepsi 1.5L,0,1,0.9980891719745224,2024-06-19,25,Karina Castro,karina.castro@mail.com,1,0,0,0,Karina Castro,karina.castro@mail.com,0,1,0,2023-01-25
63,70,Fernet 750ml,0.5,0.8044585987261147,0.869628455885968,Fernet 750ml,0,1,0.8044585987261147,2024-06-19,25,Karina Castro,karina.castro@mail.com,1,0,0,0,Karina Castro,karina.castro@mail.com,0,1,0,2023-01-25
63,45,Fideos Spaghetti 500g,0.75,0.1004246284501061,-0.9134442723536148,Fideos Spaghetti 500g,1,0,0.1004246284501061,2024-06-19,25,Karina Castro,karina.castro@mail.com,1,0,0,0,Karina Castro,karina.castro@mail.com,0,1,0,2023-01-25
64,4,Fanta Naranja 1.5L,0.25,0.3738853503184713,-0.703032777963939,Fanta Naranja 1.5L,0,1,0.3738853503184713,2024-03-07,58,Karina Acosta,karina.acosta2@mail.com,0,1,0,0,Karina Acosta,karina.acosta2@mail.com,0,1,0,2023-02-27
64,41,Aceite de Girasol 1L,0.25,0.1248407643312102,-1.1575681056234046,Aceite de Girasol 1L,1,0,0.1248407643312102,2024-03-07,58,Karina Acosta,karina.acosta2@mail.com,0,1,0,0,Karina Acosta,karina.acosta2@mail.com,0,1,0,2023-02-27
65,77,Empanadas Congeladas,0.75,0.956687898089172,2.212115789795788,Empanadas Congeladas,1,0,0.956687898089172,2024-04-30,30,Ivana Medina,ivana.medina@mail.com,0,1,0,0,Ivana Medina,ivana.medina@mail.com,1,0,1,2023-01-30
65,22,Medialunas de Manteca,0.5,0.3815286624203822,-0.2882160104793202,Medialunas de Manteca,0,1,0.3815286624203822,2024-04-30,30,Ivana Medina,ivana.medina@mail.com,0,1,0,0,Ivana Medina,ivana.medina@mail.com,1,0,1,2023-01-30
65,38,Mermelada de Frutilla 400g,1.0,0.2785562632696391,0.0436761533231795,Mermelada de Frutilla 400g,0,1,0.2785562632696391,2024-04-30,30,Ivana Medina,ivana.medina@mail.com,0,1,0,0,Ivana Medina,ivana.medina@mail.com,1,0,1,2023-01-30
65,36,Dulce de Leche 400g,0.75,0.4855626326963906,0.4923990087619359,Dulce de Leche 400g,0,1,0.4855626326963906,2024-04-30,30,Ivana Medina,ivana.medina@mail.com,0,1,0,0,Ivana Medina,ivana.medina@mail.com,1,0,1,2023-01-30
66,16,Yogur Natural 200g,0.5,0.921656050955414,1.1904769224691203,Yogur Natural 200g,0,1,0.921656050955414,2024-03-14,69,Felipe Flores,felipe.flores@mail.com,0,1,0,0,Felipe Flores,felipe.flores@mail.com,0,1,0,2023-03-10
67,53,Lavandina 1L,0.0,0.2955414012738854,-1.1684180537687283,Lavandina 1L,1,0,0.2955414012738854,2024-03-21,66,Tomas Herrera,tomas.herrera@mail.com,0,0,0,1,Tomas Herrera,tomas.herrera@mail.com,1,0,0,2023-03-07
67,8,Energética Nitro 500ml,0.25,0.837791932059448,0.1436506755193791,Energética Nitro 500ml,0,1,0.837791932059448,2024-03-21,66,Tomas Herrera,tomas.herrera@mail.com,0,0,0,1,Tomas Herrera,tomas.herrera@mail.com,1,0,0,2023-03-07
68,94,Hilo Dental,0.75,0.243312101910828,-0.391871765081969,Hilo Dental,0,1,0.243312101910828,2024-06-28,27,Tomas Castro,tomas.castro@mail.com,0,1,0,0,Tomas Castro,tomas.castro@mail.com,0,1,0,2023-01-27
69,76,Pizza Congelada Muzzarella,0.75,0.8522292993630574,1.8308176121172592,Pizza Congelada Muzzarella,0,1,0.8522292993630574,2024-01-06,42,Tomas Flores,tomas.flores@mail.com,0,1,0,0,Tomas Flores,tomas.flores@mail.com,1,0,1,2023-02-11
69,74,Whisky 750ml,0.5,0.5692144373673036,0.22560653383138,Whisky 750ml,0,1,0.5692144373673036,2024-01-06,42,Tomas Flores,tomas.flores@mail.com,0,1,0,0,Tomas Flores,tomas.flores@mail.com,1,0,1,2023-02-11
70,66,Cerveza Negra 1L,0.5,0.267728237791932,-0.5997645215093376,Cerveza Negra 1L,0,1,0.267728237791932,2024-02-02,41,Elena Rodriguez,elena.rodriguez2@mail.com,0,0,1,0,Elena Rodriguez,elena.rodriguez2@mail.com,1,0,1,2023-02-10
70,89,Caldo Concentrado Verdura,0.75,0.1552016985138004,-0.7134952279612158,Caldo Concentrado Verdura,1,0,0.1552016985138004,2024-02-02,41,Elena Rodriguez,elena.rodriguez2@mail.com,0,0,1,0,Elena Rodriguez,elena.rodriguez2@mail.com,1,0,1,2023-02-10
70,38,Mermelada de Frutilla 400g,0.5,0.2785562632696391,-0.5701209131837203,Mermelada de Frutilla 400g,0,1,0.2785562632696391,2024-02-02,41,Elena Rodriguez,elena.rodriguez2@mail.com,0,0,1,0,Elena Rodriguez,elena.rodriguez2@mail.com,1,0,1,2023-02-10
71,11,Café Molido 250g,0.5,0.3781316348195329,-0.297515966032455,Café Molido 250g,1,0,0.3781316348195329,2024-06-02,40,Felipe Diaz,felipe.diaz@mail.com,0,1,0,0,Felipe Diaz,felipe.diaz@mail.com,0,1,0,2023-02-09
71,79,Hamburguesas Congeladas x4,0.75,0.4560509554140127,0.3846745236047905,Hamburguesas Congeladas x4,1,0,0.4560509554140127,2024-06-02,40,Felipe Diaz,felipe.diaz@mail.com,0,1,0,0,Felipe Diaz,felipe.diaz@mail.com,0,1,0,2023-02-09
71,100,Trapo de Piso,0.75,0.972823779193206,2.271015508298975,Trapo de Piso,0,1,0.972823779193206,2024-06-02,40,Felipe Diaz,felipe.diaz@mail.com,0,1,0,0,Felipe Diaz,felipe.diaz@mail.com,0,1,0,2023-02-09
71,92,Crema Dental 90g,0.0,0.4755838641188959,-1.0041188389966798,Crema Dental 90g,0,1,0.4755838641188959,2024-06-02,40,Felipe Diaz,felipe.diaz@mail.com,0,1,0,0,Felipe Diaz,felipe.diaz@mail.com,0,1,0,2023-02-09
72,94,Hilo Dental,0.5,0.243312101910828,-0.6666079520474942,Hilo Dental,0,1,0.243312101910828,2024-02-17,26,Camila Sanchez,camila.sanchez@mail.com,0,1,0,0,Camila Sanchez,camila.sanchez@mail.com,1,0,1,2023-01-26
72,41,Aceite de Girasol 1L,0.75,0.1248407643312102,-0.8243196983027393,Aceite de Girasol 1L,1,0,0.1248407643312102,2024-02-17,26,Camila Sanchez,camila.sanchez@mail.com,0,1,0,0,Camila Sanchez,camila.sanchez@mail.com,1,0,1,2023-01-26
72,51,Sal Fina 500g,0.25,0.3127388535031847,-0.8146322446015573,Sal Fina 500g,1,0,0.3127388535031847,2024-02-17,26,Camila Sanchez,camila.sanchez@mail.com,0,1,0,0,Camila Sanchez,camila.sanchez@mail.com,1,0,1,2023-01-26
73,28,Papas Fritas Clásicas 100g,0.0,0.1409766454352441,-1.3094673796579404,Papas Fritas Clásicas 100g,0,1,0.1409766454352441,2024-05-16,42,Tomas Flores,tomas.flores@mail.com,0,0,1,0,Tomas Flores,tomas.flores@mail.com,1,0,1,2023-02-11
73,24,Galletitas Chocolate,0.5,0.2193205944798301,-0.732288888141509,Galletitas Chocolate,0,1,0.2193205944798301,2024-05-16,42,Tomas Flores,tomas.flores@mail.com,0,0,1,0,Tomas Flores,tomas.flores@mail.com,1,0,1,2023-02-11
73,19,Manteca 200g,0.0,0.6324840764331211,-0.8609382732932078,Manteca 200g,1,0,0.6324840764331211,2024-05-16,42,Tomas Flores,tomas.flores@mail.com,0,0,1,0,Tomas Flores,tomas.flores@mail.com,1,0,1,2023-02-11
74,32,Chocolate Amargo 100g,0.5,0.4165605095541401,-0.1923102188376171,Chocolate Amargo 100g,0,1,0.4165605095541401,2024-04-26,56,Bruno Diaz,bruno.diaz@mail.com,0,0,0,1,Bruno Diaz,bruno.diaz@mail.com,0,1,0,2023-02-25
74,14,Leche Entera 1L,0.25,0.308067940552017,-0.8231572038585975,Leche Entera 1L,0,1,0.308067940552017,2024-04-26,56,Bruno Diaz,bruno.diaz@mail.com,0,0,0,1,Bruno Diaz,bruno.diaz@mail.com,0,1,0,2023-02-25
74,55,Shampoo 400ml,0.25,0.2409766454352441,-0.9456066186415396,Shampoo 400ml,1,0,0.2409766454352441,2024-04-26,56,Bruno Diaz,bruno.diaz@mail.com,0,0,0,1,Bruno Diaz,bruno.diaz@mail.com,0,1,0,2023-02-25
75,3,Sprite 1.5L,0.75,0.9961783439490446,2.356265100869378,Sprite 1.5L,1,0,0.9961783439490446,2024-05-23,61,Guadalupe Martinez,guadalupe.martinez@mail.com,0,1,0,0,Guadalupe Martinez,guadalupe.martinez@mail.com,0,1,0,2023-03-02
75,2,Pepsi 1.5L,1.0,0.9980891719745224,2.451056835335445,Pepsi 1.5L,0,1,0.9980891719745224,2024-05-23,61,Guadalupe Martinez,guadalupe.martinez@mail.com,0,1,0,0,Guadalupe Martinez,guadalupe.martinez@mail.com,0,1,0,2023-03-02
76,22,Medialunas de Manteca,0.75,0.3815286624203822,0.1126508236755963,Medialunas de Manteca,0,1,0.3815286624203822,2024-05-15,75,Santiago Castro,santiago.castro@mail.com,1,0,0,0,Santiago Castro,santiago.castro@mail.com,0,1,0,2023-03-16
76,23,Bizcochos Salados,0.75,0.4475583864118896,0.3536746717610077,Bizcochos Salados,1,0,0.4475583864118896,2024-05-15,75,Santiago Castro,santiago.castro@mail.com,1,0,0,0,Santiago Castro,santiago.castro@mail.com,0,1,0,2023-03-16
76,24,Galletitas Chocolate,0.0,0.2193205944798301,-1.2379739713432163,Galletitas Chocolate,0,1,0.2193205944798301,2024-05-15,75,Santiago Castro,santiago.castro@mail.com,1,0,0,0,Santiago Castro,santiago.castro@mail.com,0,1,0,2023-03-16
76,11,Café Molido 250g,0.25,0.3781316348195329,-0.6952828150029934,Café Molido 250g,1,0,0.3781316348195329,2024-05-15,75,Santiago Castro,santiago.castro@mail.com,1,0,0,0,Santiago Castro,santiago.castro@mail.com,0,1,0,2023-03-16
77,53,Lavandina 1L,0.25,0.2955414012738854,-0.8460195945933873,Lavandina 1L,1,0,0.2955414012738854,2024-05-26,55,Olivia Ruiz,olivia.ruiz@mail.com,1,0,0,0,Olivia Ruiz,olivia.ruiz@mail.com,1,1,0,2023-02-24
77,41,Aceite de Girasol 1L,0.0,0.1248407643312102,-1.324192309283737,Aceite de Girasol 1L,1,0,0.1248407643312102,2024-05-26,55,Olivia Ruiz,olivia.ruiz@mail.com,1,0,0,0,Olivia Ruiz,olivia.ruiz@mail.com,1,1,0,2023-02-24
77,34,Turrón 50g,1.0,0.0490445859872611,-1.0035375917746088,Turrón 50g,0,1,0.0490445859872611,2024-05-26,55,Olivia Ruiz,olivia.ruiz@mail.com,1,0,0,0,Olivia Ruiz,olivia.ruiz@mail.com,1,1,0,2023-02-24
77,98,Desengrasante 500ml,0.25,0.545859872611465,-0.389159278045638,Desengrasante 500ml,0,1,0.545859872611465,2024-05-26,55,Olivia Ruiz,olivia.ruiz@mail.com,1,0,0,0,Olivia Ruiz,olivia.ruiz@mail.com,1,1,0,2023-02-24
77,39,Helado Vainilla 1L,0.25,0.0418259023354564,-1.3090798815098932,Helado Vainilla 1L,1,0,0.0418259023354564,2024-05-26,55,Olivia Ruiz,olivia.ruiz@mail.com,1,0,0,0,Olivia Ruiz,olivia.ruiz@mail.com,1,1,0,2023-02-24
78,37,Mermelada de Durazno 400g,0.5,0.6208067940552018,0.3668496087946154,Mermelada de Durazno 400g,1,0,0.6208067940552018,2024-04-29,12,Gael Gomez,gael.gomez@mail.com,0,1,0,0,Gael Gomez,gael.gomez@mail.com,1,0,1,2023-01-12
78,79,Hamburguesas Congeladas x4,1.0,0.4560509554140127,0.8535472827420056,Hamburguesas Congeladas x4,1,0,0.4560509554140127,2024-04-29,12,Gael Gomez,gael.gomez@mail.com,0,1,0,0,Gael Gomez,gael.gomez@mail.com,1,0,1,2023-01-12
78,17,Queso Cremoso 500g,0.25,0.9685774946921444,0.3823495347165068,Queso Cremoso 500g,1,0,0.9685774946921444,2024-04-29,12,Gael Gomez,gael.gomez@mail.com,0,1,0,0,Gael Gomez,gael.gomez@mail.com,1,0,1,2023-01-12
78,85,Jugo en Polvo Naranja,0.0,0.3363057324840764,-1.1312182315561892,Jugo en Polvo Naranja,1,0,0.3363057324840764,2024-04-29,12,Gael Gomez,gael.gomez@mail.com,0,1,0,0,Gael Gomez,gael.gomez@mail.com,1,0,1,2023-01-12
78,39,Helado Vainilla 1L,0.25,0.0418259023354564,-1.3090798815098932,Helado Vainilla 1L,1,0,0.0418259023354564,2024-04-29,12,Gael Gomez,gael.gomez@mail.com,0,1,0,0,Gael Gomez,gael.gomez@mail.com,1,0,1,2023-01-12
79,81,Aceitunas Verdes 200g,0.25,0.4772823779193206,-0.5143211798649111,Aceitunas Verdes 200g,1,0,0.4772823779193206,2024-06-06,57,Julian Acosta,julian.acosta@mail.com,0,1,0,0,Julian Acosta,julian.acosta@mail.com,0,1,0,2023-02-26
79,56,Papel Higiénico x4,0.25,0.4798301486199575,-0.5096712020883437,Papel Higiénico x4,0,1,0.4798301486199575,2024-06-06,57,Julian Acosta,julian.acosta@mail.com,0,1,0,0,Julian Acosta,julian.acosta@mail.com,0,1,0,2023-02-26
80,39,Helado Vainilla 1L,1.0,0.0418259023354564,-1.036474934358628,Helado Vainilla 1L,1,0,0.0418259023354564,2024-03-25,54,Uma Herrera,uma.herrera@mail.com,0,0,0,1,Uma Herrera,uma.herrera@mail.com,1,0,1,2023-02-23
80,30,Maní Salado 200g,0.5,0.9772823779193208,1.3427636946517032,Maní Salado 200g,0,1,0.9772823779193208,2024-03-25,54,Uma Herrera,uma.herrera@mail.com,0,0,0,1,Uma Herrera,uma.herrera@mail.com,1,0,1,2023-02-23
80,41,Aceite de Girasol 1L,1.0,0.1248407643312102,-0.6576954946424067,Aceite de Girasol 1L,1,0,0.1248407643312102,2024-03-25,54,Uma Herrera,uma.herrera@mail.com,0,0,0,1,Uma Herrera,uma.herrera@mail.com,1,0,1,2023-02-23
81,10,Yerba Mate Intensa 1kg,0.25,0.9789808917197452,0.4013369439708238,Yerba Mate Intensa 1kg,0,1,0.9789808917197452,2024-03-09,49,Olivia Gomez,olivia.gomez@mail.com,0,0,1,0,Olivia Gomez,olivia.gomez@mail.com,0,1,0,2023-02-18
82,38,Mermelada de Frutilla 400g,0.0,0.2785562632696391,-1.18391797969062,Mermelada de Frutilla 400g,0,1,0.2785562632696391,2024-01-25,19,Uma Silva,uma.silva@mail.com,1,0,0,0,Uma Silva,uma.silva@mail.com,1,1,0,2023-01-19
82,28,Papas Fritas Clásicas 100g,0.25,0.1409766454352441,-1.128118246371811,Papas Fritas Clásicas 100g,0,1,0.1409766454352441,2024-01-25,19,Uma Silva,uma.silva@mail.com,1,0,0,0,Uma Silva,uma.silva@mail.com,1,1,0,2023-01-19
82,29,Papas Fritas Onduladas 100g,1.0,0.3388535031847134,0.3187998384367521,Papas Fritas Onduladas 100g,1,0,0.3388535031847134,2024-01-25,19,Uma Silva,uma.silva@mail.com,1,0,0,0,Uma Silva,uma.silva@mail.com,1,1,0,2023-01-19
82,82,Aceitunas Negras 200g,0.25,0.4505307855626327,-0.5631459465188691,Aceitunas Negras 200g,0,1,0.4505307855626327,2024-01-25,19,Uma Silva,uma.silva@mail.com,1,0,0,0,Uma Silva,uma.silva@mail.com,1,1,0,2023-01-19
83,5,Agua Mineral 500ml,0.25,0.956475583864119,0.3602621402778116,Agua Mineral 500ml,1,0,0.956475583864119,2024-05-28,91,Uma Sanchez,uma.sanchez@mail.com,0,0,0,1,Uma Sanchez,uma.sanchez@mail.com,1,1,0,2023-04-01
83,26,Alfajor Triple,0.25,0.1547770700636943,-1.1029308667487374,Alfajor Triple,0,1,0.1547770700636943,2024-05-28,91,Uma Sanchez,uma.sanchez@mail.com,0,0,0,1,Uma Sanchez,uma.sanchez@mail.com,1,1,0,2023-04-01
83,73,Gin 700ml,1.0,0.2736730360934183,0.0213950098104606,Gin 700ml,1,0,0.2736730360934183,2024-05-28,91,Uma Sanchez,uma.sanchez@mail.com,0,0,0,1,Uma Sanchez,uma.sanchez@mail.com,1,1,0,2023-04-01
83,51,Sal Fina 500g,0.25,0.3127388535031847,-0.8146322446015573,Sal Fina 500g,1,0,0.3127388535031847,2024-05-28,91,Uma Sanchez,uma.sanchez@mail.com,0,0,0,1,Uma Sanchez,uma.sanchez@mail.com,1,1,0,2023-04-01
84,83,Queso Untable 190g,1.0,0.3307855626326964,0.28198751437226,Queso Untable 190g,1,0,0.3307855626326964,2024-01-02,72,Camila Rodriguez,camila.rodriguez@mail.com,0,0,0,1,Camila Rodriguez,camila.rodriguez@mail.com,0,1,1,2023-03-13
84,76,Pizza Congelada Muzzarella,0.75,0.8522292993630574,1.8308176121172592,Pizza Congelada Muzzarella,0,1,0.8522292993630574,2024-01-02,72,Camila Rodriguez,camila.rodriguez@mail.com,0,0,0,1,Camila Rodriguez,camila.rodriguez@mail.com,0,1,1,2023-03-13
85,32,Chocolate Amargo 100g,0.75,0.4165605095541401,0.2405252125312004,Chocolate Amargo 100g,0,1,0.4165605095541401,2024-01-23,42,Tomas Flores,tomas.flores@mail.com,0,0,1,0,Tomas Flores,tomas.flores@mail.com,1,0,1,2023-02-11
85,80,Helado de Frutilla 1L,0.25,0.3628450106157113,-0.7231826816623979,Helado de Frutilla 1L,0,1,0.3628450106157113,2024-01-23,42,Tomas Flores,tomas.flores@mail.com,0,0,1,0,Tomas Flores,tomas.flores@mail.com,1,0,1,2023-02-11
86,66,Cerveza Negra 1L,0.25,0.267728237791932,-0.8967818519875816,Cerveza Negra 1L,0,1,0.267728237791932,2024-01-10,40,Felipe Diaz,felipe.diaz@mail.com,0,0,0,1,Felipe Diaz,felipe.diaz@mail.com,0,1,0,2023-02-09
86,1,Coca Cola 1.5L,0.75,0.440552016985138,0.3280997939898869,Coca Cola 1.5L,1,0,0.440552016985138,2024-01-10,40,Felipe Diaz,felipe.diaz@mail.com,0,0,0,1,Felipe Diaz,felipe.diaz@mail.com,0,1,0,2023-02-09
86,13,Té Verde 20 saquitos,1.0,0.4481953290870488,0.8177037040476318,Té Verde 20 saquitos,1,0,0.4481953290870488,2024-01-10,40,Felipe Diaz,felipe.diaz@mail.com,0,0,0,1,Felipe Diaz,felipe.diaz@mail.com,0,1,0,2023-02-09
86,41,Aceite de Girasol 1L,0.5,0.1248407643312102,-0.990943901963072,Aceite de Girasol 1L,1,0,0.1248407643312102,2024-01-10,40,Felipe Diaz,felipe.diaz@mail.com,0,0,0,1,Felipe Diaz,felipe.diaz@mail.com,0,1,0,2023-02-09
87,53,Lavandina 1L,0.25,0.2955414012738854,-0.8460195945933873,Lavandina 1L,1,0,0.2955414012738854,2024-04-20,100,Agustina Lopez,agustina.lopez@mail.com,0,1,0,0,Agustina Lopez,agustina.lopez@mail.com,0,1,1,2023-04-10
87,86,Jugo en Polvo Limón,0.25,0.810615711252654,0.0940509125693266,Jugo en Polvo Limón,0,1,0.810615711252654,2024-04-20,100,Agustina Lopez,agustina.lopez@mail.com,0,1,0,0,Agustina Lopez,agustina.lopez@mail.com,0,1,1,2023-04-10
88,7,Jugo de Manzana 1L,1.0,0.6363057324840765,1.6760121019723688,Jugo de Manzana 1L,1,0,0.6363057324840765,2024-06-21,37,Martina Perez,martina.perez@mail.com,0,0,0,1,Martina Perez,martina.perez@mail.com,1,1,0,2023-02-06
88,53,Lavandina 1L,1.0,0.2955414012738854,0.1211757829326366,Lavandina 1L,1,0,0.2955414012738854,2024-06-21,37,Martina Perez,martina.perez@mail.com,0,0,0,1,Martina Perez,martina.perez@mail.com,1,1,0,2023-02-06
88,8,Energética Nitro 500ml,0.75,0.837791932059448,1.7781178639828283,Energética Nitro 500ml,0,1,0.837791932059448,2024-06-21,37,Martina Perez,martina.perez@mail.com,0,0,0,1,Martina Perez,martina.perez@mail.com,1,1,0,2023-02-06
89,72,Ron 700ml,0.25,0.7651804670912952,0.0111263088872076,Ron 700ml,0,1,0.7651804670912952,2024-01-18,17,Pablo Gomez,pablo.gomez@mail.com,1,0,0,0,Pablo Gomez,pablo.gomez@mail.com,1,0,0,2023-01-17
90,79,Hamburguesas Congeladas x4,0.75,0.4560509554140127,0.3846745236047905,Hamburguesas Congeladas x4,1,0,0.4560509554140127,2024-01-08,46,Agustina Martinez,agustina.martinez@mail.com,0,1,0,0,Agustina Martinez,agustina.martinez@mail.com,1,0,1,2023-02-15
90,6,Jugo de Naranja 1L,0.25,0.8276008492569003,0.1250507644131094,Jugo de Naranja 1L,0,1,0.8276008492569003,2024-01-08,46,Agustina Martinez,agustina.martinez@mail.com,0,1,0,0,Agustina Martinez,agustina.martinez@mail.com,1,0,1,2023-02-15
91,57,Servilletas x100,0.5,0.9019108280254776,1.1364209308165238,Servilletas x100,1,0,0.9019108280254776,2024-02-19,39,Santiago Diaz,santiago.diaz@mail.com,0,0,0,1,Santiago Diaz,santiago.diaz@mail.com,1,0,1,2023-02-08
92,10,Yerba Mate Intensa 1kg,0.25,0.9789808917197452,0.4013369439708238,Yerba Mate Intensa 1kg,0,1,0.9789808917197452,2024-02-09,42,Tomas Flores,tomas.flores@mail.com,0,0,1,0,Tomas Flores,tomas.flores@mail.com,1,0,1,2023-02-11
92,43,Salsa de Tomate 500g,0.75,0.1305732484076433,-0.8033947983081859,Salsa de Tomate 500g,1,0,0.1305732484076433,2024-02-09,42,Tomas Flores,tomas.flores@mail.com,0,0,1,0,Tomas Flores,tomas.flores@mail.com,1,0,1,2023-02-11
93,80,Helado de Frutilla 1L,0.75,0.3628450106157113,0.0444511496192741,Helado de Frutilla 1L,0,1,0.3628450106157113,2024-01-29,90,Guadalupe Ruiz,guadalupe.ruiz@mail.com,0,0,0,1,Guadalupe Ruiz,guadalupe.ruiz@mail.com,0,1,0,2023-03-31
93,66,Cerveza Negra 1L,0.5,0.267728237791932,-0.5997645215093376,Cerveza Negra 1L,0,1,0.267728237791932,2024-01-29,90,Guadalupe Ruiz,guadalupe.ruiz@mail.com,0,0,0,1,Guadalupe Ruiz,guadalupe.ruiz@mail.com,0,1,0,2023-03-31
93,91,Desodorante Aerosol,0.5,0.9380042462845012,1.2352329585685815,Desodorante Aerosol,1,0,0.9380042462845012,2024-01-29,90,Guadalupe Ruiz,guadalupe.ruiz@mail.com,0,0,0,1,Guadalupe Ruiz,guadalupe.ruiz@mail.com,0,1,0,2023-03-31
94,24,Galletitas Chocolate,0.0,0.2193205944798301,-1.2379739713432163,Galletitas Chocolate,0,1,0.2193205944798301,2024-03-06,41,Elena Rodriguez,elena.rodriguez2@mail.com,0,1,0,0,Elena Rodriguez,elena.rodriguez2@mail.com,1,0,1,2023-02-10
94,86,Jugo en Polvo Limón,1.0,0.810615711252654,2.451056835335445,Jugo en Polvo Limón,0,1,0.810615711252654,2024-03-06,41,Elena Rodriguez,elena.rodriguez2@mail.com,0,1,0,0,Elena Rodriguez,elena.rodriguez2@mail.com,1,0,1,2023-02-10
94,98,Desengrasante 500ml,0.25,0.545859872611465,-0.389159278045638,Desengrasante 500ml,0,1,0.545859872611465,2024-03-06,41,Elena Rodriguez,elena.rodriguez2@mail.com,0,1,0,0,Elena Rodriguez,elena.rodriguez2@mail.com,1,0,1,2023-02-10
95,72,Ron 700ml,1.0,0.7651804670912952,2.2640405416341243,Ron 700ml,0,1,0.7651804670912952,2024-02-25,26,Camila Sanchez,camila.sanchez@mail.com,0,1,0,0,Camila Sanchez,camila.sanchez@mail.com,1,0,1,2023-01-26
95,12,Té Negro 20 saquitos,0.0,0.0632696390658174,-1.3803795407505937,Té Negro 20 saquitos,0,1,0.0632696390658174,2024-02-25,26,Camila Sanchez,camila.sanchez@mail.com,0,1,0,0,Camila Sanchez,camila.sanchez@mail.com,1,0,1,2023-01-26
96,81,Aceitunas Verdes 200g,0.5,0.4772823779193206,-0.0260735133253317,Aceitunas Verdes 200g,1,0,0.4772823779193206,2024-02-23,83,Franco Gomez,franco.gomez@mail.com,1,0,0,0,Franco Gomez,franco.gomez@mail.com,0,1,0,2023-03-24
96,68,Vino Blanco 750ml,0.0,0.5121019108280255,-0.9707939982646132,Vino Blanco 750ml,0,1,0.5121019108280255,2024-02-23,83,Franco Gomez,franco.gomez@mail.com,1,0,0,0,Franco Gomez,franco.gomez@mail.com,0,1,0,2023-03-24
96,11,Café Molido 250g,0.25,0.3781316348195329,-0.6952828150029934,Café Molido 250g,1,0,0.3781316348195329,2024-02-23,83,Franco Gomez,franco.gomez@mail.com,1,0,0,0,Franco Gomez,franco.gomez@mail.com,0,1,0,2023-03-24
96,50,Azúcar 1kg,0.5,0.0966029723991507,-1.068249782498505,Azúcar 1kg,0,1,0.0966029723991507,2024-02-23,83,Franco Gomez,franco.gomez@mail.com,1,0,0,0,Franco Gomez,franco.gomez@mail.com,0,1,0,2023-03-24
97,59,Chicle Menta,1.0,0.7091295116772824,2.008291763922916,Chicle Menta,1,0,0.7091295116772824,2024-06-16,39,Santiago Diaz,santiago.diaz@mail.com,0,0,0,1,Santiago Diaz,santiago.diaz@mail.com,1,0,1,2023-02-08
97,36,Dulce de Leche 400g,0.0,0.4855626326963906,-0.9950126325175684,Dulce de Leche 400g,0,1,0.4855626326963906,2024-06-16,39,Santiago Diaz,santiago.diaz@mail.com,0,0,0,1,Santiago Diaz,santiago.diaz@mail.com,1,0,1,2023-02-08
97,4,Fanta Naranja 1.5L,0.5,0.3738853503184713,-0.3091409104738736,Fanta Naranja 1.5L,0,1,0.3738853503184713,2024-06-16,39,Santiago Diaz,santiago.diaz@mail.com,0,0,0,1,Santiago Diaz,santiago.diaz@mail.com,1,0,1,2023-02-08
98,28,Papas Fritas Clásicas 100g,0.75,0.1409766454352441,-0.765419979799552,Papas Fritas Clásicas 100g,0,1,0.1409766454352441,2024-01-12,43,Lucas Perez,lucas.perez@mail.com,0,0,1,0,Lucas Perez,lucas.perez@mail.com,1,1,0,2023-02-12
98,61,Miel Pura 250g,0.0,1.0,-0.5255586261582824,Miel Pura 250g,1,0,1.0,2024-01-12,43,Lucas Perez,lucas.perez@mail.com,0,0,1,0,Lucas Perez,lucas.perez@mail.com,1,1,0,2023-02-12
98,29,Papas Fritas Onduladas 100g,0.0,0.3388535031847134,-1.1288932426679057,Papas Fritas Onduladas 100g,1,0,0.3388535031847134,2024-01-12,43,Lucas Perez,lucas.perez@mail.com,0,0,1,0,Lucas Perez,lucas.perez@mail.com,1,1,0,2023-02-12
98,83,Queso Untable 190g,0.5,0.3307855626326964,-0.427134096554272,Queso Untable 190g,1,0,0.3307855626326964,2024-01-12,43,Lucas Perez,lucas.perez@mail.com,0,0,1,0,Lucas Perez,lucas.perez@mail.com,1,1,0,2023-02-12
99,40,Helado Chocolate 1L,1.0,0.2002123142250531,-0.313790888250441,Helado Chocolate 1L,0,1,0.2002123142250531,2024-03-13,51,Agustina Gomez,agustina.gomez@mail.com,0,0,1,0,Agustina Gomez,agustina.gomez@mail.com,0,1,0,2023-02-20
100,13,Té Verde 20 saquitos,0.5,0.4481953290870488,-0.1057043827490488,Té Verde 20 saquitos,1,0,0.4481953290870488,2024-06-08,69,Felipe Flores,felipe.flores@mail.com,0,1,0,0,Felipe Flores,felipe.flores@mail.com,0,1,0,2023-03-10
100,18,Queso Rallado 150g,0.75,0.6734607218683653,1.1782707308056306,Queso Rallado 150g,0,1,0.6734607218683653,2024-06-08,69,Felipe Flores,felipe.flores@mail.com,0,1,0,0,Felipe Flores,felipe.flores@mail.com,0,1,0,2023-03-10
100,58,Caramelos Masticables,0.25,0.951167728237792,0.3505746865766295,Caramelos Masticables,0,1,0.951167728237792,2024-06-08,69,Felipe Flores,felipe.flores@mail.com,0,1,0,0,Felipe Flores,felipe.flores@mail.com,0,1,0,2023-03-10
100,57,Servilletas x100,0.0,0.9019108280254776,-0.6150706983572053,Servilletas x100,1,0,0.9019108280254776,2024-06-08,69,Felipe Flores,felipe.flores@mail.com,0,1,0,0,Felipe Flores,felipe.flores@mail.com,0,1,0,2023-03-10
100,9,Yerba Mate Suave 1kg,0.75,0.7656050955414013,1.5146191233106745,Yerba Mate Suave 1kg,1,0,0.7656050955414013,2024-06-08,69,Felipe Flores,felipe.flores@mail.com,0,1,0,0,Felipe Flores,felipe.flores@mail.com,0,1,0,2023-03-10
101,34,Turrón 50g,0.75,0.0490445859872611,-1.100993376008501,Turrón 50g,0,1,0.0490445859872611,2024-03-28,72,Camila Rodriguez,camila.rodriguez@mail.com,0,0,0,1,Camila Rodriguez,camila.rodriguez@mail.com,0,1,1,2023-03-13
102,78,Verduras Congeladas Mix,0.5,0.8528662420382166,1.0021528225181395,Verduras Congeladas Mix,0,1,0.8528662420382166,2024-03-29,18,Ivana Torres,ivana.torres@mail.com,0,0,0,1,Ivana Torres,ivana.torres@mail.com,0,0,1,2023-01-18
102,36,Dulce de Leche 400g,0.5,0.4855626326963906,-0.0034048716645655,Dulce de Leche 400g,0,1,0.4855626326963906,2024-03-29,18,Ivana Torres,ivana.torres@mail.com,0,0,0,1,Ivana Torres,ivana.torres@mail.com,0,0,1,2023-01-18
103,79,Hamburguesas Congeladas x4,1.0,0.4560509554140127,0.8535472827420056,Hamburguesas Congeladas x4,1,0,0.4560509554140127,2024-03-11,39,Santiago Diaz,santiago.diaz@mail.com,0,0,0,1,Santiago Diaz,santiago.diaz@mail.com,1,0,1,2023-02-08
103,43,Salsa de Tomate 500g,1.0,0.1305732484076433,-0.631539369649215,Salsa de Tomate 500g,1,0,0.1305732484076433,2024-03-11,39,Santiago Diaz,santiago.diaz@mail.com,0,0,0,1,Santiago Diaz,santiago.diaz@mail.com,1,0,1,2023-02-08
103,34,Turrón 50g,0.0,0.0490445859872611,-1.3933607287101777,Turrón 50g,0,1,0.0490445859872611,2024-03-11,39,Santiago Diaz,santiago.diaz@mail.com,0,0,0,1,Santiago Diaz,santiago.diaz@mail.com,1,0,1,2023-02-08
103,70,Fernet 750ml,0.0,0.8044585987261147,-0.7040015233340573,Fernet 750ml,0,1,0.8044585987261147,2024-03-11,39,Santiago Diaz,santiago.diaz@mail.com,0,0,0,1,Santiago Diaz,santiago.diaz@mail.com,1,0,1,2023-02-08
104,95,Mascarilla Capilar,0.25,0.2779193205944799,-0.878181940881312,Mascarilla Capilar,1,0,0.2779193205944799,2024-06-17,86,Diego Torres,diego.torres@mail.com,0,1,0,0,Diego Torres,diego.torres@mail.com,0,1,1,2023-03-27
104,68,Vino Blanco 750ml,0.5,0.5121019108280255,0.0692510310943003,Vino Blanco 750ml,0,1,0.5121019108280255,2024-06-17,86,Diego Torres,diego.torres@mail.com,0,1,0,0,Diego Torres,diego.torres@mail.com,0,1,1,2023-03-27
104,68,Vino Blanco 750ml,1.0,0.5121019108280255,1.109296060453214,Vino Blanco 750ml,0,1,0.5121019108280255,2024-06-17,86,Diego Torres,diego.torres@mail.com,0,1,0,0,Diego Torres,diego.torres@mail.com,0,1,1,2023-03-27
105,13,Té Verde 20 saquitos,0.25,0.4481953290870488,-0.5674084261473893,Té Verde 20 saquitos,1,0,0.4481953290870488,2024-02-06,1,Mariana Lopez,mariana.lopez@mail.com,0,0,1,0,Mariana Lopez,mariana.lopez@mail.com,0,0,1,2023-01-01
105,4,Fanta Naranja 1.5L,0.75,0.3738853503184713,0.0847509570161918,Fanta Naranja 1.5L,0,1,0.3738853503184713,2024-02-06,1,Mariana Lopez,mariana.lopez@mail.com,0,0,1,0,Mariana Lopez,mariana.lopez@mail.com,0,0,1,2023-01-01
105,58,Caramelos Masticables,0.25,0.951167728237792,0.3505746865766295,Caramelos Masticables,0,1,0.951167728237792,2024-02-06,1,Mariana Lopez,mariana.lopez@mail.com,0,0,1,0,Mariana Lopez,mariana.lopez@mail.com,0,0,1,2023-01-01
105,82,Aceitunas Negras 200g,0.75,0.4505307855626327,0.3645246199063317,Aceitunas Negras 200g,0,1,0.4505307855626327,2024-02-06,1,Mariana Lopez,mariana.lopez@mail.com,0,0,1,0,Mariana Lopez,mariana.lopez@mail.com,0,0,1,2023-01-01
105,43,Salsa de Tomate 500g,1.0,0.1305732484076433,-0.631539369649215,Salsa de Tomate 500g,1,0,0.1305732484076433,2024-02-06,1,Mariana Lopez,mariana.lopez@mail.com,0,0,1,0,Mariana Lopez,mariana.lopez@mail.com,0,0,1,2023-01-01
106,88,Caldo Concentrado Carne,0.5,0.4878980891719745,0.0029888477782146,Caldo Concentrado Carne,0,1,0.4878980891719745,2024-03-24,82,Lucas Lopez,lucas.lopez@mail.com,0,0,1,0,Lucas Lopez,lucas.lopez@mail.com,1,0,1,2023-03-23
107,7,Jugo de Manzana 1L,0.75,0.6363057324840765,1.042646378989081,Jugo de Manzana 1L,1,0,0.6363057324840765,2024-05-21,14,Gael Martinez,gael.martinez@mail.com,0,0,0,1,Gael Martinez,gael.martinez@mail.com,0,0,1,2023-01-14
107,11,Café Molido 250g,0.25,0.3781316348195329,-0.6952828150029934,Café Molido 250g,1,0,0.3781316348195329,2024-05-21,14,Gael Martinez,gael.martinez@mail.com,0,0,0,1,Gael Martinez,gael.martinez@mail.com,0,0,1,2023-01-14
107,12,Té Negro 20 saquitos,0.75,0.0632696390658174,-1.0490686241701648,Té Negro 20 saquitos,0,1,0.0632696390658174,2024-05-21,14,Gael Martinez,gael.martinez@mail.com,0,0,0,1,Gael Martinez,gael.martinez@mail.com,0,0,1,2023-01-14
107,5,Agua Mineral 500ml,0.75,0.956475583864119,2.2113407934996934,Agua Mineral 500ml,1,0,0.956475583864119,2024-05-21,14,Gael Martinez,gael.martinez@mail.com,0,0,0,1,Gael Martinez,gael.martinez@mail.com,0,0,1,2023-01-14
108,90,Toallas Húmedas x50,0.75,0.5583864118895966,0.7582227383223735,Toallas Húmedas x50,0,1,0.5583864118895966,2024-03-25,9,Yamila Molina,yamila.molina@mail.com,1,0,0,0,Yamila Molina,yamila.molina@mail.com,0,0,1,2023-01-09
109,18,Queso Rallado 150g,0.0,0.6734607218683653,-0.8235447020066448,Queso Rallado 150g,0,1,0.6734607218683653,2024-06-04,64,Julian Alvarez,julian.alvarez@mail.com,0,0,1,0,Julian Alvarez,julian.alvarez@mail.com,1,0,0,2023-03-05
109,74,Whisky 750ml,0.0,0.5692144373673036,-0.9186754973522532,Whisky 750ml,0,1,0.5692144373673036,2024-06-04,64,Julian Alvarez,julian.alvarez@mail.com,0,0,1,0,Julian Alvarez,julian.alvarez@mail.com,1,0,0,2023-03-05
109,20,Pan Lactal Blanco,0.25,0.2757961783439491,-0.8820569223617848,Pan Lactal Blanco,0,1,0.2757961783439491,2024-06-04,64,Julian Alvarez,julian.alvarez@mail.com,0,0,1,0,Julian Alvarez,julian.alvarez@mail.com,1,0,0,2023-03-05
109,44,Arroz Largo Fino 1kg,1.0,0.5747346072186836,1.3950759446380867,Arroz Largo Fino 1kg,0,1,0.5747346072186836,2024-06-04,64,Julian Alvarez,julian.alvarez@mail.com,0,0,1,0,Julian Alvarez,julian.alvarez@mail.com,1,0,0,2023-03-05
110,6,Jugo de Naranja 1L,0.0,0.8276008492569003,-0.6828828742654802,Jugo de Naranja 1L,0,1,0.8276008492569003,2024-05-19,92,Mariana Rodriguez,mariana.rodriguez@mail.com,0,0,0,1,Mariana Rodriguez,mariana.rodriguez@mail.com,1,0,1,2023-04-02
110,59,Chicle Menta,0.5,0.7091295116772824,0.6086484531761214,Chicle Menta,1,0,0.7091295116772824,2024-05-19,92,Mariana Rodriguez,mariana.rodriguez@mail.com,0,0,0,1,Mariana Rodriguez,mariana.rodriguez@mail.com,1,0,1,2023-04-02
110,6,Jugo de Naranja 1L,1.0,0.8276008492569003,2.451056835335445,Jugo de Naranja 1L,0,1,0.8276008492569003,2024-05-19,92,Mariana Rodriguez,mariana.rodriguez@mail.com,0,0,0,1,Mariana Rodriguez,mariana.rodriguez@mail.com,1,0,1,2023-04-02
111,97,Limpiavidrios 500ml,0.75,0.1273885350318471,-0.8150197427496045,Limpiavidrios 500ml,1,0,0.1273885350318471,2024-02-12,48,Rocio Alvarez,rocio.alvarez@mail.com,0,0,0,1,Rocio Alvarez,rocio.alvarez@mail.com,0,1,1,2023-02-17
111,93,Cepillo de Dientes,0.5,0.3970276008492569,-0.2457849632681425,Cepillo de Dientes,1,0,0.3970276008492569,2024-02-12,48,Rocio Alvarez,rocio.alvarez@mail.com,0,0,0,1,Rocio Alvarez,rocio.alvarez@mail.com,0,1,1,2023-02-17
111,20,Pan Lactal Blanco,0.25,0.2757961783439491,-0.8820569223617848,Pan Lactal Blanco,0,1,0.2757961783439491,2024-02-12,48,Rocio Alvarez,rocio.alvarez@mail.com,0,0,0,1,Rocio Alvarez,rocio.alvarez@mail.com,0,1,1,2023-02-17
111,23,Bizcochos Salados,0.75,0.4475583864118896,0.3536746717610077,Bizcochos Salados,1,0,0.4475583864118896,2024-02-12,48,Rocio Alvarez,rocio.alvarez@mail.com,0,0,0,1,Rocio Alvarez,rocio.alvarez@mail.com,0,1,1,2023-02-17
112,55,Shampoo 400ml,0.0,0.2409766454352441,-1.2182115657928048,Shampoo 400ml,1,0,0.2409766454352441,2024-01-19,28,Rocio Silva,rocio.silva@mail.com,1,0,0,0,Rocio Silva,rocio.silva@mail.com,0,1,1,2023-01-28
112,21,Pan Lactal Integral,0.75,0.0,-1.2800175204063469,Pan Lactal Integral,1,0,0.0,2024-01-19,28,Rocio Silva,rocio.silva@mail.com,1,0,0,0,Rocio Silva,rocio.silva@mail.com,0,1,1,2023-01-28
112,43,Salsa de Tomate 500g,1.0,0.1305732484076433,-0.631539369649215,Salsa de Tomate 500g,1,0,0.1305732484076433,2024-01-19,28,Rocio Silva,rocio.silva@mail.com,1,0,0,0,Rocio Silva,rocio.silva@mail.com,0,1,1,2023-01-28
112,13,Té Verde 20 saquitos,0.25,0.4481953290870488,-0.5674084261473893,Té Verde 20 saquitos,1,0,0.4481953290870488,2024-01-19,28,Rocio Silva,rocio.silva@mail.com,1,0,0,0,Rocio Silva,rocio.silva@mail.com,0,1,1,2023-01-28
112,59,Chicle Menta,0.0,0.7091295116772824,-0.7909948575706728,Chicle Menta,1,0,0.7091295116772824,2024-01-19,28,Rocio Silva,rocio.silva@mail.com,1,0,0,0,Rocio Silva,rocio.silva@mail.com,0,1,1,2023-01-28
113,53,Lavandina 1L,0.25,0.2955414012738854,-0.8460195945933873,Lavandina 1L,1,0,0.2955414012738854,2024-03-08,98,Camila Castro,camila.castro@mail.com,0,0,1,0,Camila Castro,camila.castro@mail.com,0,1,1,2023-04-08
113,92,Crema Dental 90g,0.5,0.4755838641188959,-0.0307234911018991,Crema Dental 90g,0,1,0.4755838641188959,2024-03-08,98,Camila Castro,camila.castro@mail.com,0,0,1,0,Camila Castro,camila.castro@mail.com,0,1,1,2023-04-08
114,8,Energética Nitro 500ml,0.0,0.837791932059448,-0.6735829187123454,Energética Nitro 500ml,0,1,0.837791932059448,2024-05-05,16,Felipe Alvarez,felipe.alvarez@mail.com,0,1,0,0,Felipe Alvarez,felipe.alvarez@mail.com,0,1,0,2023-01-16
114,84,Queso Azul 150g,0.0,0.2915074309978769,-1.1720992861751778,Queso Azul 150g,0,1,0.2915074309978769,2024-05-05,16,Felipe Alvarez,felipe.alvarez@mail.com,0,1,0,0,Felipe Alvarez,felipe.alvarez@mail.com,0,1,0,2023-01-16
114,10,Yerba Mate Intensa 1kg,0.0,0.9789808917197452,-0.5447397844866231,Yerba Mate Intensa 1kg,0,1,0.9789808917197452,2024-05-05,16,Felipe Alvarez,felipe.alvarez@mail.com,0,1,0,0,Felipe Alvarez,felipe.alvarez@mail.com,0,1,0,2023-01-16
114,55,Shampoo 400ml,1.0,0.2409766454352441,-0.1277917771877441,Shampoo 400ml,1,0,0.2409766454352441,2024-05-05,16,Felipe Alvarez,felipe.alvarez@mail.com,0,1,0,0,Felipe Alvarez,felipe.alvarez@mail.com,0,1,0,2023-01-16
114,92,Crema Dental 90g,0.75,0.4755838641188959,0.455974182845491,Crema Dental 90g,0,1,0.4755838641188959,2024-05-05,16,Felipe Alvarez,felipe.alvarez@mail.com,0,1,0,0,Felipe Alvarez,felipe.alvarez@mail.com,0,1,0,2023-01-16
115,17,Queso Cremoso 500g,0.75,0.9685774946921444,2.255515582377084,Queso Cremoso 500g,1,0,0.9685774946921444,2024-02-16,3,Hernan Martinez,hernan.martinez@mail.com,0,0,1,0,Hernan Martinez,hernan.martinez@mail.com,0,1,0,2023-01-03
115,97,Limpiavidrios 500ml,1.0,0.1273885350318471,-0.6460705502009881,Limpiavidrios 500ml,1,0,0.1273885350318471,2024-02-16,3,Hernan Martinez,hernan.martinez@mail.com,0,0,1,0,Hernan Martinez,hernan.martinez@mail.com,0,1,0,2023-01-03
115,95,Mascarilla Capilar,0.75,0.2779193205944799,-0.265547368818554,Mascarilla Capilar,1,0,0.2779193205944799,2024-02-16,3,Hernan Martinez,hernan.martinez@mail.com,0,0,1,0,Hernan Martinez,hernan.martinez@mail.com,0,1,0,2023-01-03
115,84,Queso Azul 150g,0.25,0.2915074309978769,-0.8533820594062858,Queso Azul 150g,0,1,0.2915074309978769,2024-02-16,3,Hernan Martinez,hernan.martinez@mail.com,0,0,1,0,Hernan Martinez,hernan.martinez@mail.com,0,1,0,2023-01-03
116,65,Cerveza Rubia 1L,0.0,0.456687898089172,-1.0213625065847838,Cerveza Rubia 1L,1,0,0.456687898089172,2024-03-18,25,Karina Castro,karina.castro@mail.com,0,1,0,0,Karina Castro,karina.castro@mail.com,0,1,0,2023-01-25
116,35,Barrita de Cereal 30g,0.25,0.8828025477707007,0.2258002829054036,Barrita de Cereal 30g,1,0,0.8828025477707007,2024-03-18,25,Karina Castro,karina.castro@mail.com,0,1,0,0,Karina Castro,karina.castro@mail.com,0,1,0,2023-01-25
116,42,Vinagre de Alcohol 500ml,0.75,0.1959660297239915,-0.5646959391110582,Vinagre de Alcohol 500ml,0,1,0.1959660297239915,2024-03-18,25,Karina Castro,karina.castro@mail.com,0,1,0,0,Karina Castro,karina.castro@mail.com,0,1,0,2023-01-25
116,54,Jabón de Tocador,1.0,0.2802547770700637,0.0514261162841252,Jabón de Tocador,0,1,0.2802547770700637,2024-03-18,25,Karina Castro,karina.castro@mail.com,0,1,0,0,Karina Castro,karina.castro@mail.com,0,1,0,2023-01-25
116,90,Toallas Húmedas x50,0.75,0.5583864118895966,0.7582227383223735,Toallas Húmedas x50,0,1,0.5583864118895966,2024-03-18,25,Karina Castro,karina.castro@mail.com,0,1,0,0,Karina Castro,karina.castro@mail.com,0,1,0,2023-01-25
117,67,Vino Tinto Malbec 750ml,0.75,0.9441613588110404,2.166391008326208,Vino Tinto Malbec 750ml,1,0,0.9441613588110404,2024-03-14,72,Camila Rodriguez,camila.rodriguez@mail.com,1,0,0,0,Camila Rodriguez,camila.rodriguez@mail.com,0,1,1,2023-03-13
117,61,Miel Pura 250g,0.25,1.0,0.4396992606275051,Miel Pura 250g,1,0,1.0,2024-03-14,72,Camila Rodriguez,camila.rodriguez@mail.com,1,0,0,0,Camila Rodriguez,camila.rodriguez@mail.com,0,1,1,2023-03-13
118,68,Vino Blanco 750ml,1.0,0.5121019108280255,1.109296060453214,Vino Blanco 750ml,0,1,0.5121019108280255,2024-02-09,84,Pablo Sanchez,pablo.sanchez@mail.com,0,0,0,1,Pablo Sanchez,pablo.sanchez@mail.com,0,1,1,2023-03-25
118,68,Vino Blanco 750ml,0.5,0.5121019108280255,0.0692510310943003,Vino Blanco 750ml,0,1,0.5121019108280255,2024-02-09,84,Pablo Sanchez,pablo.sanchez@mail.com,0,0,0,1,Pablo Sanchez,pablo.sanchez@mail.com,0,1,1,2023-03-25
118,70,Fernet 750ml,0.25,0.8044585987261147,0.0828134662759553,Fernet 750ml,0,1,0.8044585987261147,2024-02-09,84,Pablo Sanchez,pablo.sanchez@mail.com,0,0,0,1,Pablo Sanchez,pablo.sanchez@mail.com,0,1,1,2023-03-25
118,93,Cepillo de Dientes,0.5,0.3970276008492569,-0.2457849632681425,Cepillo de Dientes,1,0,0.3970276008492569,2024-02-09,84,Pablo Sanchez,pablo.sanchez@mail.com,0,0,0,1,Pablo Sanchez,pablo.sanchez@mail.com,0,1,1,2023-03-25
118,50,Azúcar 1kg,0.25,0.0966029723991507,-1.2091053593136936,Azúcar 1kg,0,1,0.0966029723991507,2024-02-09,84,Pablo Sanchez,pablo.sanchez@mail.com,0,0,0,1,Pablo Sanchez,pablo.sanchez@mail.com,0,1,1,2023-03-25
119,45,Fideos Spaghetti 500g,1.0,0.1004246284501061,-0.7691012122060011,Fideos Spaghetti 500g,1,0,0.1004246284501061,2024-02-07,51,Agustina Gomez,agustina.gomez@mail.com,0,1,0,0,Agustina Gomez,agustina.gomez@mail.com,0,1,0,2023-02-20
120,20,Pan Lactal Blanco,1.0,0.2757961783439491,0.0310824635116428,Pan Lactal Blanco,0,1,0.2757961783439491,2024-04-21,72,Camila Rodriguez,camila.rodriguez@mail.com,1,0,0,0,Camila Rodriguez,camila.rodriguez@mail.com,0,1,1,2023-03-13
